model,version,evaluation_type,event_recall,fpr,fnr,false_alarms_day,pr_auc,brier,ece,median_lead_time,status
Published Empirical Rainfall (IMD/GSI),v1.0 (Baseline),HISTORICAL VALIDATION,0.2220,0.0500,0.7780,0.1020,0.0797,0.0126,0.0480,20.5,BASELINE_COMPARISON
Balanced Logistic Regression,v1.1 (Baseline),HISTORICAL VALIDATION,0.3520,0.0500,0.6480,0.0820,0.1633,0.2144,0.0520,16.7,BASELINE_COMPARISON
Regularized XGBoost,v1.2 (Baseline),HISTORICAL VALIDATION,0.2590,0.0500,0.7410,0.0940,0.0343,0.0578,0.0210,25.0,BASELINE_COMPARISON
JEPA-TCN (Temporal Only),v1.5 (Ablation),HISTORICAL VALIDATION,0.2780,0.0500,0.7220,0.0870,0.0404,0.0470,0.0180,22.7,ABLATION_REFERENCE
Fused LAND-JEPA (Early Multi-Horizon),v2.1 (Historical),HISTORICAL VALIDATION,0.2778,0.0500,0.7222,0.0770,0.1285,0.0136,0.0493,23.1,SUPERSEDED
Improved Hybrid Ensemble,v2.2 (Prediction-Optimized),HISTORICAL VALIDATION,0.2960,0.0500,0.7040,0.0715,0.0614,0.1082,0.0095,23.5,SUPERSEDED
LAND-JEPA v2.5 (Trigger-Aware Champion),v2.5-TRIGGER-AWARE-CHAMPION,HISTORICAL VALIDATION,0.7895,0.0369,0.2105,0.0532,0.1135,0.0119,0.0049,24.0,ACTIVE_PRODUCTION_BENCHMARK
LAND-JEPA v2.6 (Raw Single-Season),v2.6-RAW-SINGLE-SEASON,HISTORICAL VALIDATION,0.7895,0.8889,0.2105,4.0000,0.1153,0.6440,0.0049,24.7,SUPERSEDED_OVERFIT
LAND-JEPA v2.6.1 (Challenger),v2.6.1-CHALLENGER,HISTORICAL VALIDATION,0.8158,0.0345,0.1842,0.0425,0.1285,0.0098,0.0028,25.2,FROZEN_PROSPECTIVE_CHALLENGER
LAND-JEPA v2.5 (Prospective Shadow),v2.5-TRIGGER-AWARE-CHAMPION,PROSPECTIVE REAL-WORLD SURVEILLANCE,UNDEFINED,0.5292,UNDEFINED,0.0532,UNDEFINED,0.0179,0.0049,UNDEFINED,INSUFFICIENT_EVIDENCE
LAND-JEPA v2.6.1 (Prospective Shadow),v2.6.1-CHALLENGER,PROSPECTIVE REAL-WORLD SURVEILLANCE,UNDEFINED,0.6833,UNDEFINED,0.0425,UNDEFINED,0.0098,0.0035,UNDEFINED,INSUFFICIENT_EVIDENCE
