model_name,model_version,evaluation_paradigm,warning_threshold,calibration_method,event_recall_warn,fnr,fpr,false_alarms_per_day,pr_auc,brier_score,ece,median_lead_time_h,operational_status,notes
Published Empirical Rainfall (IMD/GSI),v1.0 (Baseline),Historical Validation (2016 Test Split),0.4200,None,0.2220,0.7780,0.0500,0.1020,0.0797,0.0126,0.0480,20.5,BASELINE_COMPARISON,"Empirical intensity-duration precipitation threshold only"
Balanced Logistic Regression,v1.1 (Baseline),Historical Validation (2016 Test Split),0.4850,None,0.3520,0.6480,0.0500,0.0820,0.1633,0.2144,0.0520,16.7,BASELINE_COMPARISON,"Linear baseline on statistical features; high Brier distortion"
Regularized XGBoost,v1.2 (Baseline),Historical Validation (2016 Test Split),0.5120,None,0.2590,0.7410,0.0500,0.0940,0.0343,0.0578,0.0210,25.0,BASELINE_COMPARISON,"Gradient boosted decision trees; high advance lead time"
JEPA-TCN (Temporal Only),v1.5 (Ablation),Historical Validation (2016 Test Split),0.4600,Platt Scaling,0.2780,0.7220,0.0500,0.0870,0.0404,0.0470,0.0180,22.7,ABLATION_REFERENCE,"Causal dilated convolutions without spatial-terrain encoder"
Fused LAND-JEPA (Early Multi-Horizon),v2.1 (Historical),Historical Validation (2016 Test Split),0.4500,Temperature Scaling,0.2778,0.7222,0.0500,0.0770,0.1285,0.0136,0.0493,23.1,SUPERSEDED,"First fused spatial-temporal model with weather + DEM"
Improved Hybrid Ensemble,v2.2 (Prediction-Optimized),Historical Validation (2016 Test Split),0.4450,Isotonic Regression,0.2960,0.7040,0.0500,0.0715,0.0614,0.1082,0.0095,23.5,SUPERSEDED,"Validation-tuned simplex ensemble across 5 architectures"
LAND-JEPA v2.5 (Trigger-Aware),v2.5-TRIGGER-AWARE-CHAMPION,Historical Multi-Season (2013-2015),0.1980,Temperature Scaling,0.7895,0.2105,0.0369,0.0532,0.1135,0.0119,0.0049,24.0,ACTIVE_PRODUCTION_CHAMPION,"Current operational production benchmark; 8 trigger families"
LAND-JEPA v2.6 (Raw Single-Season),v2.6-RAW-SINGLE-SEASON,Historical Validation (2015 Fold Only),0.0929,Empirical Sigmoid,0.7895,0.2105,0.8889,4.0000,0.1153,0.6440,0.0049,24.7,SUPERSEDED_OVERFIT,"Failed threshold robustness; 100% warning saturation in peak monsoon"
LAND-JEPA v2.6 (Calibrated),v2.6-CALIBRATED,Historical Multi-Season (2013-2015),0.1450,Isotonic Regression,0.7895,0.2105,0.0820,0.2450,0.1240,0.0105,0.0032,24.7,SUPERSEDED_OVER_BUDGET,"Isotonic calibration without multi-season minimax threshold"
LAND-JEPA v2.6.1 (Challenger),v2.6.1-CHALLENGER,Historical Multi-Season (2013-2015),0.7724,Isotonic + 24h Grouping,0.8158,0.1842,0.0345,0.0425,0.1285,0.0098,0.0028,25.2,FROZEN_PROSPECTIVE_CHALLENGER,"Minimax robust thresholding + 24h advisory persistence grouping"
LAND-JEPA v2.5 (Prospective Shadow),v2.5-TRIGGER-AWARE-CHAMPION,Real Prospective Surveillance (720h / 120 Cycles),0.1980,Temperature Scaling,UNDEFINED,UNDEFINED,0.5292,0.0532,UNDEFINED,0.0179,0.0049,UNDEFINED,INSUFFICIENT_EVIDENCE,"0 new verified events in prospective window; recall mathematically undefined"
LAND-JEPA v2.6.1 (Prospective Shadow),v2.6.1-CHALLENGER,Real Prospective Surveillance (720h / 120 Cycles),0.7724,Isotonic + 24h Grouping,UNDEFINED,UNDEFINED,0.6833,0.0425,UNDEFINED,0.0098,0.0035,UNDEFINED,INSUFFICIENT_EVIDENCE,"0 new verified events in prospective window; 164 consolidated advisories across 240 corridor-days"
