fold,tier,threshold,FPR,event_recall,false_alarms_day
Fold_A_2013,WATCH (FPR<=10%),0.6531,0.1002,0.24,0.802
Fold_A_2013,WARNING (FPR<=5%),0.7594,0.0503,0.08,0.4024
Fold_A_2013,CRITICAL (FPR<=1%),0.9377,0.0103,0.0,0.0822
Fold_B_2014,WATCH (FPR<=10%),0.651,0.1,0.25,0.8
Fold_B_2014,WARNING (FPR<=5%),0.7696,0.0502,0.125,0.4014
Fold_B_2014,CRITICAL (FPR<=1%),0.955,0.0104,0.125,0.083
Fold_C_2015,WATCH (FPR<=10%),0.652,0.1,0.4865,0.8003
Fold_C_2015,WARNING (FPR<=5%),0.7724,0.05,0.4324,0.4001
Fold_C_2015,CRITICAL (FPR<=1%),0.9497,0.01,0.1081,0.08
