canonical_event_id,raw_event_id,zone_id,corridor_name,state,occurred_at,event_year,event_month,date_precision,event_type,trigger,magnitude,fatalities,injuries,source,source_provenance,is_demo,lon,lat,distance_to_centroid_km,location_description,source_link,quality_flag
NASA-GLC-NER-3525,3525,REAL-NER-003,Imphal - Senapati NH-2 Corridor,Manipur,2011-05-22 00:00:00+00:00,2011,5,day,landslide,downpour,medium,0.0,0.0,NASA_GLC_LANDSLIDE,NASA Goddard Space Flight Center (GLC/COOLR),False,93.4093,25.0672,59.62,"Kaiphundai(?)-Tousem(in Assam) road, Tamenglong district, Manipur",http://www.e-pao.net/GP.asp?src=15..240511.may11,VERIFIED_SATELLITE_CATALOG
NASA-GLC-NER-3556,3556,REAL-NER-003,Imphal - Senapati NH-2 Corridor,Manipur,2011-05-31 14:00:00+00:00,2011,5,day,landslide,continuous_rain,small,0.0,0.0,NASA_GLC_LANDSLIDE,NASA Goddard Space Flight Center (GLC/COOLR),False,93.8474,25.1555,35.51,"Roads between Tamei(Tamma?), Kangpokpi and Chalwa, Manipur",http://e-pao.net/GP.asp?src=7..020611.jun11,VERIFIED_SATELLITE_CATALOG
NASA-GLC-NER-3560,3560,REAL-NER-003,Imphal - Senapati NH-2 Corridor,Manipur,2011-05-31 14:30:00+00:00,2011,5,day,landslide,downpour,medium,2.0,0.0,NASA_GLC_LANDSLIDE,NASA Goddard Space Flight Center (GLC/COOLR),False,93.5935,24.8286,36.05,"Gaoilung(Gadailong) village(?), Ward 4(?), Tamenglong, Manipur",http://kanglaonline.com/2011/06/two-children-claimed-by-landslide-at-tamenglong/,VERIFIED_SATELLITE_CATALOG
NASA-GLC-NER-3621,3621,REAL-NER-008,Gangtok - Teesta Valley,Sikkim,2011-06-17 00:00:00+00:00,2011,6,day,mudslide,downpour,large,4.0,0.0,NASA_GLC_LANDSLIDE,NASA Goddard Space Flight Center (GLC/COOLR),False,88.28,26.88,58.75,"St Mary's Hill, 3 km from Kurseong, West Bengal",http://articles.timesofindia.indiatimes.com/2011-06-18/kolkata/29673649_1_rescue-operations-fire-brigade-mudslide,VERIFIED_SATELLITE_CATALOG
NASA-GLC-NER-3619,3619,REAL-NER-008,Gangtok - Teesta Valley,Sikkim,2011-06-17 19:30:00+00:00,2011,6,day,mudslide,rain,medium,0.0,0.0,NASA_GLC_LANDSLIDE,NASA Goddard Space Flight Center (GLC/COOLR),False,88.4451,27.4885,23.76,"National HWY 31A, Birik (cut off Sikkim)",http://www.telegraphindia.com/1110618/jsp/northeast/story_14127559.jsp,VERIFIED_SATELLITE_CATALOG
NASA-GLC-NER-3632,3632,REAL-NER-008,Gangtok - Teesta Valley,Sikkim,2011-06-20 20:30:00+00:00,2011,6,day,landslide,rain,medium,0.0,0.0,NASA_GLC_LANDSLIDE,NASA Goddard Space Flight Center (GLC/COOLR),False,88.4659,27.0638,31.93,"Birik on NH31A, Kalimpong",http://www.telegraphindia.com/1110620/jsp/frontpage/story_14134589.jsp,VERIFIED_SATELLITE_CATALOG
NASA-GLC-NER-3637,3637,REAL-NER-004,Kohima - Phek Ridge,Nagaland,2011-06-21 00:00:00+00:00,2011,6,day,landslide,rain,medium,0.0,0.0,NASA_GLC_LANDSLIDE,NASA Goddard Space Flight Center (GLC/COOLR),False,94.2341227,25.51614662,17.11,"Lasumi village in Phek district, Kohima",https://web.archive.org/web/20110627132314/http://www.morungexpress.com/regional/67365.html,VERIFIED_SATELLITE_CATALOG
NASA-GLC-NER-3643,3643,REAL-NER-008,Gangtok - Teesta Valley,Sikkim,2011-06-23 23:30:00+00:00,2011,6,day,landslide,downpour,large,16.0,0.0,NASA_GLC_LANDSLIDE,NASA Goddard Space Flight Center (GLC/COOLR),False,88.2579,27.2879,34.05,Villages surrounding the West Sikkim district of ,http://www.assamtribune.com/scripts/detailsnew.asp?id=jun2511/oth05,VERIFIED_SATELLITE_CATALOG
NASA-GLC-NER-3662,3662,REAL-NER-003,Imphal - Senapati NH-2 Corridor,Manipur,2011-06-28 00:00:00+00:00,2011,6,day,landslide,rain,medium,0.0,0.0,NASA_GLC_LANDSLIDE,NASA Goddard Space Flight Center (GLC/COOLR),False,94.0144205,25.03561729,21.64,"Ikou-Gangpijang road, near: Ikou, Saikul, and Gangpijang; Imphal India",http://e-pao.net/GP.asp?src=7..290611.jun11,VERIFIED_SATELLITE_CATALOG
NASA-GLC-NER-3663,3663,REAL-NER-004,Kohima - Phek Ridge,Nagaland,2011-06-28 00:00:00+00:00,2011,6,day,landslide,downpour,medium,0.0,0.0,NASA_GLC_LANDSLIDE,NASA Goddard Space Flight Center (GLC/COOLR),False,94.1099,25.6682,4.5,"Ruzapfu valley, Kikruma Village, Phek District, Nagaland",http://www.morungexpress.com/local/67492.html,VERIFIED_SATELLITE_CATALOG
NASA-GLC-NER-3683,3683,REAL-NER-004,Kohima - Phek Ridge,Nagaland,2011-07-01 00:00:00+00:00,2011,7,day,landslide,downpour,medium,0.0,0.0,NASA_GLC_LANDSLIDE,NASA Goddard Space Flight Center (GLC/COOLR),False,94.1739,25.8782,25.49,NH-61 between Botsa and Chiechama,http://www.morungexpress.com/local/69559.html,VERIFIED_SATELLITE_CATALOG
NASA-GLC-NER-3738,3738,REAL-NER-003,Imphal - Senapati NH-2 Corridor,Manipur,2011-07-06 00:00:00+00:00,2011,7,day,landslide,downpour,medium,6.0,0.0,NASA_GLC_LANDSLIDE,NASA Goddard Space Flight Center (GLC/COOLR),False,93.9482,24.8063,4.86,"National Highway 53, Sinam Khul (near Kotlen; ~25 km from Imphal)",http://e-pao.net/GP.asp?src=16..070711.jul11,VERIFIED_SATELLITE_CATALOG
NASA-GLC-NER-3741,3741,REAL-NER-004,Kohima - Phek Ridge,Nagaland,2011-07-07 00:00:00+00:00,2011,7,day,landslide,rain,medium,0.0,0.0,NASA_GLC_LANDSLIDE,NASA Goddard Space Flight Center (GLC/COOLR),False,94.1079,25.4191,26.02,Maram (80 km north of Imphal),http://www.e-pao.net/GP.asp?src=8..080711.jul11,VERIFIED_SATELLITE_CATALOG
NASA-GLC-NER-3760,3760,REAL-NER-004,Kohima - Phek Ridge,Nagaland,2011-07-11 09:00:00+00:00,2011,7,day,landslide,downpour,medium,0.0,0.0,NASA_GLC_LANDSLIDE,NASA Goddard Space Flight Center (GLC/COOLR),False,94.1095,25.6703,4.64,"NH-61, 1 km before reaching Botsa",http://www.morungexpress.com/local/68036.html,VERIFIED_SATELLITE_CATALOG
NASA-GLC-NER-3789,3789,REAL-NER-006,Bhalukpong - Tawang Corridor,Arunachal Pradesh,2011-07-16 00:00:00+00:00,2011,7,day,landslide,downpour,medium,0.0,0.0,NASA_GLC_LANDSLIDE,NASA Goddard Space Flight Center (GLC/COOLR),False,92.9064,27.2743,50.74,Mebua (8 km from Seppa),http://english.samaylive.com/regional-news/others-news/676490549/flash-floods-in-arunachal-pradesh.html,VERIFIED_SATELLITE_CATALOG
NASA-GLC-NER-3794,3794,REAL-NER-008,Gangtok - Teesta Valley,Sikkim,2011-07-17 00:00:00+00:00,2011,7,day,landslide,rain,medium,0.0,0.0,NASA_GLC_LANDSLIDE,NASA Goddard Space Flight Center (GLC/COOLR),False,88.42280921,26.99195749,40.97,West Bengal-Sikkim at highway Rambi,https://web.archive.org/web/20110722180056/http://www.thehindu.com/news/states/other-states/article2276615.ece,VERIFIED_SATELLITE_CATALOG
NASA-GLC-NER-3805,3805,REAL-NER-008,Gangtok - Teesta Valley,Sikkim,2011-07-19 00:00:00+00:00,2011,7,day,landslide,rain,medium,0.0,0.0,NASA_GLC_LANDSLIDE,NASA Goddard Space Flight Center (GLC/COOLR),False,88.42572376,27.05374234,34.74,200 meters from Teesta Bridge towards Siliguri,http://www.thehindu.com/news/states/other-states/article2276615.ece,VERIFIED_SATELLITE_CATALOG
NASA-GLC-NER-3831,3831,REAL-NER-003,Imphal - Senapati NH-2 Corridor,Manipur,2011-07-22 00:00:00+00:00,2011,7,day,landslide,downpour,medium,0.0,0.0,NASA_GLC_LANDSLIDE,NASA Goddard Space Flight Center (GLC/COOLR),False,93.948,24.7992,5.65,Heibok Hills,http://e-pao.net/GP.asp?src=4..230711.jul11,VERIFIED_SATELLITE_CATALOG
NASA-GLC-NER-3830,3830,REAL-NER-003,Imphal - Senapati NH-2 Corridor,Manipur,2011-07-22 00:00:00+00:00,2011,7,day,landslide,downpour,small,0.0,0.0,NASA_GLC_LANDSLIDE,NASA Goddard Space Flight Center (GLC/COOLR),False,94.3429,24.3527,68.09,Manipur,http://e-pao.net/GP.asp?src=6..270711.jul11,VERIFIED_SATELLITE_CATALOG
NASA-GLC-NER-3840,3840,REAL-NER-003,Imphal - Senapati NH-2 Corridor,Manipur,2011-07-25 00:00:00+00:00,2011,7,day,landslide,downpour,medium,0.0,0.0,NASA_GLC_LANDSLIDE,NASA Goddard Space Flight Center (GLC/COOLR),False,93.9157,24.6869,18.46,Manipur,http://www.assamtribune.com/scripts/detailsnew.asp?id=jul3011/oth05,VERIFIED_SATELLITE_CATALOG
NASA-GLC-NER-3860,3860,REAL-NER-004,Kohima - Phek Ridge,Nagaland,2011-07-29 00:00:00+00:00,2011,7,day,landslide,rain,medium,0.0,0.0,NASA_GLC_LANDSLIDE,NASA Goddard Space Flight Center (GLC/COOLR),False,94.108,25.4192,26.01,"Maram, Manipur",http://kanglaonline.com/2011/07/works-minister-visits-landslide-hit-maram-stretch-of-nh2/,VERIFIED_SATELLITE_CATALOG
NASA-GLC-NER-3912,3912,REAL-NER-006,Bhalukpong - Tawang Corridor,Arunachal Pradesh,2011-08-12 00:00:00+00:00,2011,8,day,landslide,rain,medium,0.0,0.0,NASA_GLC_LANDSLIDE,NASA Goddard Space Flight Center (GLC/COOLR),False,92.2833,27.44,29.07,East Kameng district in Arunachal Pradesh bordering China,http://www.inewsone.com/2011/08/12/iaf-airdrops-food-to-marooned-in-arunachal/68478,VERIFIED_SATELLITE_CATALOG
NASA-GLC-NER-3916,3916,REAL-NER-004,Kohima - Phek Ridge,Nagaland,2011-08-13 08:00:00+00:00,2011,8,day,mudslide,downpour,medium,0.0,0.0,NASA_GLC_LANDSLIDE,NASA Goddard Space Flight Center (GLC/COOLR),False,93.8067,25.7713,36.94,"Chumukedima, Dimapur",http://www.morungexpress.com/frontpage/69382.html,VERIFIED_SATELLITE_CATALOG
NASA-GLC-NER-3925,3925,REAL-NER-006,Bhalukpong - Tawang Corridor,Arunachal Pradesh,2011-08-15 00:00:00+00:00,2011,8,day,landslide,downpour,medium,0.0,0.0,NASA_GLC_LANDSLIDE,NASA Goddard Space Flight Center (GLC/COOLR),False,93.0153,27.4888,68.74,"East Kameng, Arunachal Pradesh",http://www.indianexpress.com/news/landslides-cut-off-arunachal-districts-iaf-to-the-rescue/833599/,VERIFIED_SATELLITE_CATALOG
NASA-GLC-NER-3932,3932,REAL-NER-004,Kohima - Phek Ridge,Nagaland,2011-08-18 00:00:00+00:00,2011,8,day,landslide,monsoon,medium,0.0,0.0,NASA_GLC_LANDSLIDE,NASA Goddard Space Flight Center (GLC/COOLR),False,94.13,25.83,20.12, Botsa  and Chiechama,nan,VERIFIED_SATELLITE_CATALOG
NASA-GLC-NER-3943,3943,REAL-NER-008,Gangtok - Teesta Valley,Sikkim,2011-08-23 00:00:00+00:00,2011,8,day,landslide,downpour,medium,5.0,0.0,NASA_GLC_LANDSLIDE,NASA Goddard Space Flight Center (GLC/COOLR),False,88.22551799,27.13862165,42.43,"Samathang, Sikkim",http://ibnlive.in.com/generalnewsfeed/news/five-killed-in-landslides-in-sikkim/801295.html,VERIFIED_SATELLITE_CATALOG
NASA-GLC-NER-3944,3944,REAL-NER-008,Gangtok - Teesta Valley,Sikkim,2011-08-25 00:00:00+00:00,2011,8,day,landslide,downpour,medium,2.0,0.0,NASA_GLC_LANDSLIDE,NASA Goddard Space Flight Center (GLC/COOLR),False,88.633,27.7344,45.64,"Hee-Khola, Sikkim",http://ibnlive.in.com/generalnewsfeed/news/five-killed-in-landslides-in-sikkim/801295.html,VERIFIED_SATELLITE_CATALOG
NASA-GLC-NER-3983,3983,REAL-NER-001,Guwahati Hills Corridor,Assam,2011-09-23 00:00:00+00:00,2011,9,day,landslide,downpour,large,4.0,0.0,NASA_GLC_LANDSLIDE,NASA Goddard Space Flight Center (GLC/COOLR),False,91.7351,26.1548,2.69,"Maighuli, Guwahati, Meghalaya",nan,VERIFIED_SATELLITE_CATALOG
NASA-GLC-NER-3986,3986,REAL-NER-008,Gangtok - Teesta Valley,Sikkim,2011-09-25 00:00:00+00:00,2011,9,day,landslide,downpour,medium,0.0,0.0,NASA_GLC_LANDSLIDE,NASA Goddard Space Flight Center (GLC/COOLR),False,88.255,27.0605,45.05,"Singamari, Darhelling, West Bengal",http://articles.timesofindia.indiatimes.com/2011-09-27/kolkata/30207909_1_magnitude-earthquake-singamari-repair-work,VERIFIED_SATELLITE_CATALOG
NASA-GLC-NER-6782,6782,REAL-NER-008,Gangtok - Teesta Valley,Sikkim,2011-09-28 00:00:00+00:00,2011,9,day,landslide,rain,medium,0.0,0.0,NASA_GLC_LANDSLIDE,NASA Goddard Space Flight Center (GLC/COOLR),False,88.3372,26.8545,58.43,NH55 at Tindharia,http://www.telegraphindia.com/1150218/jsp/siliguri/story_3972.jsp#.VOUXUPnF98E,VERIFIED_SATELLITE_CATALOG
NASA-GLC-NER-3997,3997,REAL-NER-008,Gangtok - Teesta Valley,Sikkim,2011-09-30 00:00:00+00:00,2011,9,day,landslide,unknown,medium,0.0,0.0,NASA_GLC_LANDSLIDE,NASA Goddard Space Flight Center (GLC/COOLR),False,88.5575,27.5161,21.66,nan,http://isikkim.com/2011-09-landslide-disrupts-gangtok-mangan-highway-again-30-3/,VERIFIED_SATELLITE_CATALOG
NASA-GLC-NER-4241,4241,REAL-NER-003,Imphal - Senapati NH-2 Corridor,Manipur,2012-03-04 00:00:00+00:00,2012,3,day,landslide,unknown,medium,0.0,0.0,NASA_GLC_LANDSLIDE,NASA Goddard Space Flight Center (GLC/COOLR),False,93.6795,25.1604,43.98,Tamei constituency in Tamenlong district,http://articles.timesofindia.indiatimes.com/2012-03-04/guwahati/31120923_1_booths-repoll-polling-stations,VERIFIED_SATELLITE_CATALOG
NASA-GLC-NER-4377,4377,REAL-NER-001,Guwahati Hills Corridor,Assam,2012-06-02 00:00:00+00:00,2012,6,day,landslide,downpour,large,0.0,0.0,NASA_GLC_LANDSLIDE,NASA Goddard Space Flight Center (GLC/COOLR),False,91.7356,26.1475,3.38,"Guwahati, Assam",http://ibnlive.in.com/generalnewsfeed/news/barrak-valley-cut-off-due-to-heavy-landslides/1007155.html,VERIFIED_SATELLITE_CATALOG
NASA-GLC-NER-4385,4385,REAL-NER-008,Gangtok - Teesta Valley,Sikkim,2012-06-03 00:00:00+00:00,2012,6,day,landslide,downpour,medium,0.0,0.0,NASA_GLC_LANDSLIDE,NASA Goddard Space Flight Center (GLC/COOLR),False,88.5577,27.7167,43.75,"lachen, Sikkim",http://www.telegraphindia.com/1120605/jsp/siliguri/story_15570407.jsp#.UN9-FOSx_K0,VERIFIED_SATELLITE_CATALOG
NASA-GLC-NER-4393,4393,REAL-NER-008,Gangtok - Teesta Valley,Sikkim,2012-06-07 00:00:00+00:00,2012,6,day,landslide,downpour,large,7.0,0.0,NASA_GLC_LANDSLIDE,NASA Goddard Space Flight Center (GLC/COOLR),False,88.632,27.7565,48.08,"Nathang Maong, Sikkim",http://www.thehimalayantimes.com/fullNews.php?headline=Landslide+kills+7+Nepali-speaking+people+in+Sikkim&NewsID=335265,VERIFIED_SATELLITE_CATALOG
NASA-GLC-NER-4394,4394,REAL-NER-008,Gangtok - Teesta Valley,Sikkim,2012-06-07 04:30:00+00:00,2012,6,day,landslide,rain,large,7.0,0.0,NASA_GLC_LANDSLIDE,NASA Goddard Space Flight Center (GLC/COOLR),False,88.6458,27.1748,17.3,"Rolep, South Sikkim( Mapping to Rhenock 12 miles from Rolep)",http://www.telegraphindia.com/1120608/jsp/siliguri/story_15584321.jsp#.UN_I7eSx_K0com,VERIFIED_SATELLITE_CATALOG
NASA-GLC-NER-4403,4403,REAL-NER-003,Imphal - Senapati NH-2 Corridor,Manipur,2012-06-10 00:00:00+00:00,2012,6,day,landslide,downpour,very_large,0.0,0.0,NASA_GLC_LANDSLIDE,NASA Goddard Space Flight Center (GLC/COOLR),False,93.5444,24.8142,41.12,"Imphal-Jiribam section of NH-37 , Manipur",http://www.thehindu.com/news/national/article3537166.ece,VERIFIED_SATELLITE_CATALOG
NASA-GLC-NER-4408,4408,REAL-NER-002,Shillong Plateau / Sohra,Meghalaya,2012-06-13 00:00:00+00:00,2012,6,day,landslide,downpour,medium,0.0,0.0,NASA_GLC_LANDSLIDE,NASA Goddard Space Flight Center (GLC/COOLR),False,92.0757,25.5498,32.3,"NH44, Kuliang",http://zeenews.india.com/news/assam/road-between-silchar-guwahati-disrupted_781633.html,VERIFIED_SATELLITE_CATALOG
NASA-GLC-NER-4407,4407,REAL-NER-002,Shillong Plateau / Sohra,Meghalaya,2012-06-13 00:00:00+00:00,2012,6,day,landslide,downpour,medium,0.0,0.0,NASA_GLC_LANDSLIDE,NASA Goddard Space Flight Center (GLC/COOLR),False,92.3567,25.0951,65.45,"NH44, Malidhor area,  Baleswar",http://zeenews.india.com/news/assam/road-between-silchar-guwahati-disrupted_781633.html,VERIFIED_SATELLITE_CATALOG
NASA-GLC-NER-4411,4411,REAL-NER-008,Gangtok - Teesta Valley,Sikkim,2012-06-14 04:00:00+00:00,2012,6,day,landslide,downpour,medium,0.0,0.0,NASA_GLC_LANDSLIDE,NASA Goddard Space Flight Center (GLC/COOLR),False,88.6065,27.339,1.68,"Tathangchen, Gangtok, Sikkim ",http://isikkim.com/2012-06-sikkim-landslide-at-tathangchen-poses-threat-to-residents-15-5/,VERIFIED_SATELLITE_CATALOG
NASA-GLC-NER-4424,4424,REAL-NER-001,Guwahati Hills Corridor,Assam,2012-06-20 00:00:00+00:00,2012,6,day,landslide,downpour,medium,0.0,0.0,NASA_GLC_LANDSLIDE,NASA Goddard Space Flight Center (GLC/COOLR),False,91.7351,26.149,3.25,"Lalunggaon, Guwahati,  Assam",http://twocircles.net/2012jun22/landslide_kills_three_assam.html,VERIFIED_SATELLITE_CATALOG
NASA-GLC-NER-4426,4426,REAL-NER-001,Guwahati Hills Corridor,Assam,2012-06-22 00:00:00+00:00,2012,6,day,landslide,downpour,medium,3.0,0.0,NASA_GLC_LANDSLIDE,NASA Goddard Space Flight Center (GLC/COOLR),False,91.7162,26.1226,6.73,Lalunggaon near Gorchuk area,http://thesop.org/story/20120701/woman-killed-in-guwahati-by-landslide.html,VERIFIED_SATELLITE_CATALOG
NASA-GLC-NER-4434,4434,REAL-NER-001,Guwahati Hills Corridor,Assam,2012-06-25 18:00:00+00:00,2012,6,day,landslide,downpour,large,1.0,0.0,NASA_GLC_LANDSLIDE,NASA Goddard Space Flight Center (GLC/COOLR),False,91.7369,26.1049,7.9,"Sonaighuli area near Kahilipara, Guwahati City, Assam",http://thesop.org/story/20120701/woman-killed-in-guwahati-by-landslide.html,VERIFIED_SATELLITE_CATALOG
NASA-GLC-NER-6783,6783,REAL-NER-008,Gangtok - Teesta Valley,Sikkim,2012-07-19 00:00:00+00:00,2012,7,day,landslide,monsoon,medium,0.0,0.0,NASA_GLC_LANDSLIDE,NASA Goddard Space Flight Center (GLC/COOLR),False,88.3373,26.8546,58.41,Tindharia railway maintenance shed,http://blogs.agu.org/landslideblog/2012/07/28/a-landslide-is-rapidly-destroying-a-world-heritage-site-in-india/,VERIFIED_SATELLITE_CATALOG
NASA-GLC-NER-4552,4552,REAL-NER-008,Gangtok - Teesta Valley,Sikkim,2012-09-14 00:00:00+00:00,2012,9,day,landslide,downpour,medium,0.0,0.0,NASA_GLC_LANDSLIDE,NASA Goddard Space Flight Center (GLC/COOLR),False,88.3603,27.0377,39.78,"Takdah, West Bengal",http://www.telegraphindia.com/1120915/jsp/siliguri/story_15979380.jsp#.UQ8y7h2x-3I,VERIFIED_SATELLITE_CATALOG
NASA-GLC-NER-4556,4556,REAL-NER-008,Gangtok - Teesta Valley,Sikkim,2012-09-16 00:00:00+00:00,2012,9,day,landslide,downpour,medium,0.0,0.0,NASA_GLC_LANDSLIDE,NASA Goddard Space Flight Center (GLC/COOLR),False,88.3651,27.1675,29.09,"Namchi to Phongla, Namchi to Melli ,Namchi to Sumbuk",http://www.business-standard.com/generalnews/news/landslides-block-several-roads-in-south-sikkim-district/57119/,VERIFIED_SATELLITE_CATALOG
NASA-GLC-NER-4569,4569,REAL-NER-008,Gangtok - Teesta Valley,Sikkim,2012-09-19 00:00:00+00:00,2012,9,day,landslide,downpour,large,20.0,0.0,NASA_GLC_LANDSLIDE,NASA Goddard Space Flight Center (GLC/COOLR),False,88.556,27.8385,57.26,"North Skkimm Hwy between, Chungthang and Mangan, North Skimm (9 landslides)",http://www.hindustantimes.com/india/flash-floods-and-landslides-kill-21-in-sikkim/story-4FYliiSqiH1MnwaoLBIUnO.html,VERIFIED_SATELLITE_CATALOG
NASA-GLC-NER-4571,4571,REAL-NER-008,Gangtok - Teesta Valley,Sikkim,2012-09-19 00:00:00+00:00,2012,9,day,landslide,downpour,large,0.0,0.0,NASA_GLC_LANDSLIDE,NASA Goddard Space Flight Center (GLC/COOLR),False,88.605,27.6558,36.79," Chungthang and Pegong. Houses, between Rangma and Chungthang ",http://www.hindustantimes.com/india/flash-floods-and-landslides-kill-21-in-sikkim/story-4FYliiSqiH1MnwaoLBIUnO.html,VERIFIED_SATELLITE_CATALOG
NASA-GLC-NER-4610,4610,REAL-NER-005,Aizawl Mountain Slopes,Mizoram,2012-11-11 00:00:00+00:00,2012,11,day,landslide,downpour,medium,4.0,0.0,NASA_GLC_LANDSLIDE,NASA Goddard Space Flight Center (GLC/COOLR),False,92.5217,23.7705,21.3,"Dapchhuah, Mamit, Mizoram",http://www.assamtribune.com/scripts/detailsnew.asp?id=oct1312/oth06,VERIFIED_SATELLITE_CATALOG
NASA-GLC-NER-4845,4845,REAL-NER-005,Aizawl Mountain Slopes,Mizoram,2013-05-07 00:00:00+00:00,2013,5,day,mudslide,rain,medium,0.0,0.0,NASA_GLC_LANDSLIDE,NASA Goddard Space Flight Center (GLC/COOLR),False,92.6755,24.2315,56.54,"Kolasib, Saiha, Mizoram,",http://www.thehindu.com/news/national/other-states/landslides-after-heavy-premonsoon-rain-in-mizoram/article4695784.ece,VERIFIED_SATELLITE_CATALOG
NASA-GLC-NER-4848,4848,REAL-NER-007,Atharamura Hills,Tripura,2013-05-08 00:00:00+00:00,2013,5,day,landslide,rain,medium,1.0,0.0,NASA_GLC_LANDSLIDE,NASA Goddard Space Flight Center (GLC/COOLR),False,91.4663,24.0896,44.31,"Purba Simna, Tripura",http://www.upi.com/Top_News/World-News/2013/05/09/Cyclonic-storms-kill-seven-in-India/UPI-39151368107292/,VERIFIED_SATELLITE_CATALOG
NASA-GLC-NER-4860,4860,REAL-NER-001,Guwahati Hills Corridor,Assam,2013-05-11 00:00:00+00:00,2013,5,day,landslide,rain,medium,0.0,0.0,NASA_GLC_LANDSLIDE,NASA Goddard Space Flight Center (GLC/COOLR),False,91.6906,26.1016,10.09,"Boragaon, North Guwahati, Guwahati, Assam,",http://articles.timesofindia.indiatimes.com/2013-05-12/guwahati/39203561_1_artificial-floods-guwahati-municipal-corporation-gs-road,VERIFIED_SATELLITE_CATALOG
NASA-GLC-NER-4859,4859,REAL-NER-001,Guwahati Hills Corridor,Assam,2013-05-11 00:00:00+00:00,2013,5,day,landslide,rain,medium,0.0,1.0,NASA_GLC_LANDSLIDE,NASA Goddard Space Flight Center (GLC/COOLR),False,91.7599,26.1771,1.02,"Sarania Hills, North Guwahati, Guwahati, Assam,",http://articles.timesofindia.indiatimes.com/2013-05-12/guwahati/39203561_1_artificial-floods-guwahati-municipal-corporation-gs-road,VERIFIED_SATELLITE_CATALOG
NASA-GLC-NER-4857,4857,REAL-NER-005,Aizawl Mountain Slopes,Mizoram,2013-05-11 09:00:00+00:00,2013,5,day,landslide,rain,large,15.0,0.0,NASA_GLC_LANDSLIDE,NASA Goddard Space Flight Center (GLC/COOLR),False,92.7175,23.7281,0.84,"Laipuitland , Aizawl, Mizoram",http://articles.timesofindia.indiatimes.com/2013-05-12/guwahati/39203177_1_young-mizo-association-aizawl-rescue-work,VERIFIED_SATELLITE_CATALOG
NASA-GLC-NER-4861,4861,REAL-NER-003,Imphal - Senapati NH-2 Corridor,Manipur,2013-05-12 00:00:00+00:00,2013,5,day,mudslide,rain,medium,0.0,0.0,NASA_GLC_LANDSLIDE,NASA Goddard Space Flight Center (GLC/COOLR),False,93.4946,24.9926,48.58,"Khongsang, Tamenglong, Manipur,",http://www.e-pao.net/GP.asp?src=23..130513.may13,VERIFIED_SATELLITE_CATALOG
NASA-GLC-NER-4905,4905,REAL-NER-004,Kohima - Phek Ridge,Nagaland,2013-06-07 00:00:00+00:00,2013,6,day,landslide,unknown,medium,0.0,0.0,NASA_GLC_LANDSLIDE,NASA Goddard Space Flight Center (GLC/COOLR),False,94.7031,26.0977,74.43,"Kuthur – Huker Road Via Y Anner, Chessore, Nagaland",http://www.nagalandpost.com/channelnews/state/StateNews.aspx?news=TkVXUzEwMDA0NjAwNw%3D%3D-%2FtfIAOw1uMk%3D,VERIFIED_SATELLITE_CATALOG
NASA-GLC-NER-4908,4908,REAL-NER-008,Gangtok - Teesta Valley,Sikkim,2013-06-08 17:00:00+00:00,2013,6,day,landslide,downpour,medium,0.0,0.0,NASA_GLC_LANDSLIDE,NASA Goddard Space Flight Center (GLC/COOLR),False,88.708,27.3721,11.88,"15 Km From Gangtok, Himalayans",http://www.business-standard.com/article/news-ani/tourists-stranded-due-to-landslide-in-gangtok-113060900319_1.html,VERIFIED_SATELLITE_CATALOG
NASA-GLC-NER-4990,4990,REAL-NER-008,Gangtok - Teesta Valley,Sikkim,2013-06-27 23:00:00+00:00,2013,6,day,landslide,downpour,medium,0.0,0.0,NASA_GLC_LANDSLIDE,NASA Goddard Space Flight Center (GLC/COOLR),False,88.7628,27.3765,17.07,"Near Changu Lake, 15Km Away From Nathu La, On India-China Border In Eastern Sikkim",http://www.indiatvnews.com/news/india/sikkim-landslide-army-rescues-tourists-stranded-near-nathu-la-24315.html,VERIFIED_SATELLITE_CATALOG
NASA-GLC-NER-5006,5006,REAL-NER-004,Kohima - Phek Ridge,Nagaland,2013-07-01 00:00:00+00:00,2013,7,day,landslide,downpour,medium,0.0,0.0,NASA_GLC_LANDSLIDE,NASA Goddard Space Flight Center (GLC/COOLR),False,94.3864,26.1147,56.83,"Thillong Village, Doyang Along State Highway 1, Wokha To Merapani Road",http://www.nagalandpost.com/ChannelNews/State/StateNews.aspx?news=TkVXUzEwMDA0MDQ4MQ%3D%3D-gEvw8J4DIOI%3D,VERIFIED_SATELLITE_CATALOG
NASA-GLC-NER-5087,5087,REAL-NER-004,Kohima - Phek Ridge,Nagaland,2013-07-12 00:00:00+00:00,2013,7,day,landslide,downpour,medium,0.0,0.0,NASA_GLC_LANDSLIDE,NASA Goddard Space Flight Center (GLC/COOLR),False,94.1139,25.6269,4.44,"National Highway 29 Near Phesama Village, Nagaland",http://www.thehindubusinessline.com/news/states/landslides-disrupt-vehicular-movement-on-nh29/article4912110.ece,VERIFIED_SATELLITE_CATALOG
NASA-GLC-NER-5107,5107,REAL-NER-004,Kohima - Phek Ridge,Nagaland,2013-07-15 00:00:00+00:00,2013,7,day,landslide,rain,medium,0.0,0.0,NASA_GLC_LANDSLIDE,NASA Goddard Space Flight Center (GLC/COOLR),False,94.1139,25.6269,4.44,"National Highway 29 Near Phesama Village, Nagaland",http://articles.timesofindia.indiatimes.com/2013-07-15/guwahati/40589516_1_southern-angami-youth-organization-jessami-tadubi,VERIFIED_SATELLITE_CATALOG
NASA-GLC-NER-5123,5123,REAL-NER-004,Kohima - Phek Ridge,Nagaland,2013-07-17 00:00:00+00:00,2013,7,day,mudslide,rain,medium,0.0,0.0,NASA_GLC_LANDSLIDE,NASA Goddard Space Flight Center (GLC/COOLR),False,94.0885,25.7131,9.34,"National Highway 2 Near Meriema Village, 10 Km Away From Kohima",http://www.thehindu.com/news/national/other-states/fresh-mudslides-affect-traffic-in-nagalandmanipur/article4928261.ece,VERIFIED_SATELLITE_CATALOG
NASA-GLC-NER-5122,5122,REAL-NER-004,Kohima - Phek Ridge,Nagaland,2013-07-17 00:00:00+00:00,2013,7,day,mudslide,rain,medium,0.0,0.0,NASA_GLC_LANDSLIDE,NASA Goddard Space Flight Center (GLC/COOLR),False,93.9413,25.7658,24.56,"National Highway 29 Between Patkai Bridge And Kukidolong, Nagaland",http://www.thehindu.com/news/national/other-states/fresh-mudslides-affect-traffic-in-nagalandmanipur/article4928261.ece,VERIFIED_SATELLITE_CATALOG
NASA-GLC-NER-5269,5269,REAL-NER-004,Kohima - Phek Ridge,Nagaland,2013-08-04 00:00:00+00:00,2013,8,day,landslide,continuous_rain,medium,0.0,0.0,NASA_GLC_LANDSLIDE,NASA Goddard Space Flight Center (GLC/COOLR),False,94.5234,25.8376,42.82,"Tizu, Nagaland",http://www.nagalandpost.com/ChannelNews/State/StateNews.aspx?news=TkVXUzEwMDA0MjY4Nw%3D%3D-bSp8jh3okxw%3D,VERIFIED_SATELLITE_CATALOG
NASA-GLC-NER-5274,5274,REAL-NER-004,Kohima - Phek Ridge,Nagaland,2013-08-04 00:00:00+00:00,2013,8,day,landslide,rain,medium,0.0,0.0,NASA_GLC_LANDSLIDE,NASA Goddard Space Flight Center (GLC/COOLR),False,94.564,26.0838,63.58,"Suruhuto Town, Nagaland",http://www.nagalandpost.com/ChannelNews/State/StateNews.aspx?news=TkVXUzEwMDA0MjY4Nw%3D%3D-bSp8jh3okxw%3D,VERIFIED_SATELLITE_CATALOG
NASA-GLC-NER-5273,5273,REAL-NER-004,Kohima - Phek Ridge,Nagaland,2013-08-04 00:00:00+00:00,2013,8,day,landslide,monsoon,medium,0.0,0.0,NASA_GLC_LANDSLIDE,NASA Goddard Space Flight Center (GLC/COOLR),False,94.5497,26.1807,71.28,"Zhekuto, Nagaland",http://www.nagalandpost.com/ChannelNews/State/StateNews.aspx?news=TkVXUzEwMDA0MjY4Nw%3D%3D-bSp8jh3okxw%3D,VERIFIED_SATELLITE_CATALOG
NASA-GLC-NER-5270,5270,REAL-NER-004,Kohima - Phek Ridge,Nagaland,2013-08-04 00:00:00+00:00,2013,8,day,landslide,continuous_rain,medium,0.0,0.0,NASA_GLC_LANDSLIDE,NASA Goddard Space Flight Center (GLC/COOLR),False,94.4619,26.0481,54.16,"Phizo, Nagaland",http://www.nagalandpost.com/ChannelNews/State/StateNews.aspx?news=TkVXUzEwMDA0MjY4Nw%3D%3D-bSp8jh3okxw%3D,VERIFIED_SATELLITE_CATALOG
NASA-GLC-NER-5300,5300,REAL-NER-004,Kohima - Phek Ridge,Nagaland,2013-08-09 00:00:00+00:00,2013,8,day,landslide,downpour,large,0.0,0.0,NASA_GLC_LANDSLIDE,NASA Goddard Space Flight Center (GLC/COOLR),False,94.0441,25.318,38.42,"Senapati, Manipur",http://e-pao.net/GP.asp?src=Snipp8..230813.aug13,VERIFIED_SATELLITE_CATALOG
NASA-GLC-NER-5427,5427,REAL-NER-004,Kohima - Phek Ridge,Nagaland,2013-08-15 00:00:00+00:00,2013,8,day,landslide,downpour,medium,0.0,0.0,NASA_GLC_LANDSLIDE,NASA Goddard Space Flight Center (GLC/COOLR),False,94.1884,25.3833,29.9,"Koide Government High School, Senapati, Manipur",http://e-pao.net/GP.asp?src=Snipp8..230813.aug13,VERIFIED_SATELLITE_CATALOG
NASA-GLC-NER-5343,5343,REAL-NER-003,Imphal - Senapati NH-2 Corridor,Manipur,2013-08-17 23:00:00+00:00,2013,8,day,landslide,continuous_rain,medium,0.0,0.0,NASA_GLC_LANDSLIDE,NASA Goddard Space Flight Center (GLC/COOLR),False,93.4341,24.7625,52.97,The Imphal-Jiribam Section Of Nh-37 In Tamenglong District,http://www.nagalandpost.com/ChannelNews/Regional/RegionalNews.aspx?news=TkVXUzEwMDA0MzUxNQ%3D%3D-zy3k3F6024s%3D,VERIFIED_SATELLITE_CATALOG
NASA-GLC-NER-5430,5430,REAL-NER-003,Imphal - Senapati NH-2 Corridor,Manipur,2013-09-01 00:00:00+00:00,2013,9,day,mudslide,continuous_rain,medium,0.0,0.0,NASA_GLC_LANDSLIDE,NASA Goddard Space Flight Center (GLC/COOLR),False,93.487,24.9037,47.09,"Tamenglong- Khongsang Road, Manipur",http://e-pao.net/GP.asp?src=24..050913.sep13,VERIFIED_SATELLITE_CATALOG
NASA-GLC-NER-5429,5429,REAL-NER-008,Gangtok - Teesta Valley,Sikkim,2013-09-01 18:00:00+00:00,2013,9,day,landslide,downpour,medium,5.0,0.0,NASA_GLC_LANDSLIDE,NASA Goddard Space Flight Center (GLC/COOLR),False,88.2426,27.3425,35.36,Tamabong Village In Sikkim State,http://sciencythoughts.blogspot.com/2013/09/family-of-five-killed-by-landslide-in.html,VERIFIED_SATELLITE_CATALOG
NASA-GLC-NER-5476,5476,REAL-NER-008,Gangtok - Teesta Valley,Sikkim,2013-09-07 15:00:00+00:00,2013,9,day,landslide,rain,medium,0.0,0.0,NASA_GLC_LANDSLIDE,NASA Goddard Space Flight Center (GLC/COOLR),False,88.7323,27.3736,14.14,14 Milestone Of J N Marg Near Kyangnosola (East Sikkim),http://articles.timesofindia.indiatimes.com/2013-09-10/india/41936154_1_east-and-north-sikkim-chungthang-gangtok,VERIFIED_SATELLITE_CATALOG
NASA-GLC-NER-5485,5485,REAL-NER-008,Gangtok - Teesta Valley,Sikkim,2013-09-08 00:00:00+00:00,2013,9,day,rock_fall,rain,medium,1.0,2.0,NASA_GLC_LANDSLIDE,NASA Goddard Space Flight Center (GLC/COOLR),False,88.6463,27.6047,31.43,"Chungthang, Sikkim",http://articles.timesofindia.indiatimes.com/2013-09-10/india/41936154_1_east-and-north-sikkim-chungthang-gangtok,VERIFIED_SATELLITE_CATALOG
NASA-GLC-NER-5533,5533,REAL-NER-008,Gangtok - Teesta Valley,Sikkim,2013-09-16 15:00:00+00:00,2013,9,day,landslide,downpour,small,1.0,0.0,NASA_GLC_LANDSLIDE,NASA Goddard Space Flight Center (GLC/COOLR),False,88.4674,27.0599,32.26,"Kalimpong, West Bengal",http://sciencythoughts.blogspot.com/2013/09/man-killed-in-darjeeling-landslide.html,VERIFIED_SATELLITE_CATALOG
NASA-GLC-NER-5552,5552,REAL-NER-003,Imphal - Senapati NH-2 Corridor,Manipur,2013-09-24 00:00:00+00:00,2013,9,day,landslide,unknown,medium,0.0,0.0,NASA_GLC_LANDSLIDE,NASA Goddard Space Flight Center (GLC/COOLR),False,94.3619,25.0985,49.87,"Ukhrul, Manipur",http://www.morungexpress.com/regional/104056.html,VERIFIED_SATELLITE_CATALOG
NASA-GLC-NER-5575,5575,REAL-NER-004,Kohima - Phek Ridge,Nagaland,2013-10-05 23:00:00+00:00,2013,10,day,mudslide,continuous_rain,medium,0.0,0.0,NASA_GLC_LANDSLIDE,NASA Goddard Space Flight Center (GLC/COOLR),False,94.1497,25.8266,19.64,"Chiechama, Nagaland",http://www.business-standard.com/article/current-affairs/mudslides-block-nh-2-in-nagaland-113100700032_1.html,VERIFIED_SATELLITE_CATALOG
NASA-GLC-NER-5584,5584,REAL-NER-001,Guwahati Hills Corridor,Assam,2013-10-06 00:00:00+00:00,2013,10,day,landslide,downpour,medium,0.0,0.0,NASA_GLC_LANDSLIDE,NASA Goddard Space Flight Center (GLC/COOLR),False,91.7049,26.1665,4.6,"Nilachal Hill, Guwahati, Assam",http://articles.timesofindia.indiatimes.com/2013-10-07/guwahati/42793381_1_anil-nagar-heavy-rain-nabin-nagar,VERIFIED_SATELLITE_CATALOG
NASA-GLC-NER-5582,5582,REAL-NER-001,Guwahati Hills Corridor,Assam,2013-10-06 12:45:00+00:00,2013,10,day,landslide,downpour,medium,1.0,0.0,NASA_GLC_LANDSLIDE,NASA Goddard Space Flight Center (GLC/COOLR),False,91.8383,26.1309,10.09,"Batahguli, Guwahati, Assam",http://articles.timesofindia.indiatimes.com/2013-10-07/guwahati/42793381_1_anil-nagar-heavy-rain-nabin-nagar,VERIFIED_SATELLITE_CATALOG
NASA-GLC-NER-5603,5603,REAL-NER-004,Kohima - Phek Ridge,Nagaland,2013-10-13 19:30:00+00:00,2013,10,day,mudslide,downpour,medium,0.0,0.0,NASA_GLC_LANDSLIDE,NASA Goddard Space Flight Center (GLC/COOLR),False,94.6024,25.426,51.77,"Tusom, Manipur",http://www.indiatvnews.com/news/india/people-in-manipur-evacuate-due-to-landslides-volcanic-eruption-fear-baseless-29544.html,VERIFIED_SATELLITE_CATALOG
NASA-GLC-NER-6107,6107,REAL-NER-001,Guwahati Hills Corridor,Assam,2014-06-26 23:00:00+00:00,2014,6,day,landslide,continuous_rain,small,3.0,0.0,NASA_GLC_LANDSLIDE,NASA Goddard Space Flight Center (GLC/COOLR),False,91.7896,26.1844,4.09,Bamunimaidam,http://twocircles.net/2014jun27/8_killed_assam_landslides_electrocution.html#.U70ydPldU1L,VERIFIED_SATELLITE_CATALOG
NASA-GLC-NER-6112,6112,REAL-NER-001,Guwahati Hills Corridor,Assam,2014-06-28 09:00:00+00:00,2014,6,day,landslide,rain,medium,0.0,0.0,NASA_GLC_LANDSLIDE,NASA Goddard Space Flight Center (GLC/COOLR),False,91.7652,26.1964,2.82,"Kharghuli Hills, Assam",http://www.assamtimes.org/node/11181,VERIFIED_SATELLITE_CATALOG
NASA-GLC-NER-6143,6143,REAL-NER-005,Aizawl Mountain Slopes,Mizoram,2014-07-14 18:00:00+00:00,2014,7,day,landslide,downpour,medium,1.0,2.0,NASA_GLC_LANDSLIDE,NASA Goddard Space Flight Center (GLC/COOLR),False,92.7463,23.7327,2.33,"Zembabawk, Aizawl",http://www.business-standard.com/article/pti-stories/rescue-operations-for-woman-swept-away-by-landslide-continue-114071500831_1.html,VERIFIED_SATELLITE_CATALOG
NASA-GLC-NER-6146,6146,REAL-NER-008,Gangtok - Teesta Valley,Sikkim,2014-07-15 00:00:00+00:00,2014,7,day,landslide,rain,small,0.0,0.0,NASA_GLC_LANDSLIDE,NASA Goddard Space Flight Center (GLC/COOLR),False,88.4694,27.059,32.28,"Kalimpong, West Bengal",http://www.business-standard.com/article/news-ians/sikkim-s-nh31-a-lifeline-closed-for-repairs-114071501335_1.html,VERIFIED_SATELLITE_CATALOG
NASA-GLC-NER-6331,6331,REAL-NER-004,Kohima - Phek Ridge,Nagaland,2014-09-08 00:00:00+00:00,2014,9,day,mudslide,unknown,medium,0.0,0.0,NASA_GLC_LANDSLIDE,NASA Goddard Space Flight Center (GLC/COOLR),False,94.6279,25.9466,58.11,Kiphire-Seyochung road near Yangzitong village,http://www.nagalandpost.com/channelnews/State/StateNews.aspx?news=TkVXUzEwMDA2Njg2NQ%3D%3D,VERIFIED_SATELLITE_CATALOG
NASA-GLC-NER-6287,6287,REAL-NER-001,Guwahati Hills Corridor,Assam,2014-09-22 00:00:00+00:00,2014,9,day,landslide,rain,small,1.0,0.0,NASA_GLC_LANDSLIDE,NASA Goddard Space Flight Center (GLC/COOLR),False,91.7056,26.1295,6.73,Dhirenpara,http://www.assamtribune.com/scripts/detailsnew.asp?id=sep2414/at051,VERIFIED_SATELLITE_CATALOG
NASA-GLC-NER-6285,6285,REAL-NER-001,Guwahati Hills Corridor,Assam,2014-09-22 00:00:00+00:00,2014,9,day,landslide,rain,small,0.0,1.0,NASA_GLC_LANDSLIDE,NASA Goddard Space Flight Center (GLC/COOLR),False,91.8178,26.159,7.0,VIP Road,http://www.assamtribune.com/scripts/detailsnew.asp?id=sep2414/at051,VERIFIED_SATELLITE_CATALOG
NASA-GLC-NER-6290,6290,REAL-NER-002,Shillong Plateau / Sohra,Meghalaya,2014-09-23 03:00:00+00:00,2014,9,day,landslide,continuous_rain,small,8.0,1.0,NASA_GLC_LANDSLIDE,NASA Goddard Space Flight Center (GLC/COOLR),False,91.8666,25.5772,20.81,Mawbah under Mawprem area,http://zeenews.india.com/news/north-east/eight-die-of-landslide-in-east-khasi-hills_1474744.html,VERIFIED_SATELLITE_CATALOG
NASA-GLC-NER-6214,6214,REAL-NER-001,Guwahati Hills Corridor,Assam,2014-10-05 17:45:00+00:00,2014,10,day,landslide,rain,medium,1.0,0.0,NASA_GLC_LANDSLIDE,NASA Goddard Space Flight Center (GLC/COOLR),False,91.8587,25.9702,25.23,Jorabat-Umiam route,http://www.telegraphindia.com/1141007/jsp/frontpage/story_18900562.jsp#.VDVSk_ldV8E,VERIFIED_SATELLITE_CATALOG
NASA-GLC-NER-6775,6775,REAL-NER-001,Guwahati Hills Corridor,Assam,2015-02-14 00:00:00+00:00,2015,2,day,landslide,mining,small,1.0,2.0,NASA_GLC_LANDSLIDE,NASA Goddard Space Flight Center (GLC/COOLR),False,91.6469,26.1468,10.76,Kailashpur hill,http://www.telegraphindia.com/1150215/jsp/frontpage/story_3475.jsp#.VONkky5HWUk,VERIFIED_SATELLITE_CATALOG
NASA-GLC-NER-7031,7031,REAL-NER-008,Gangtok - Teesta Valley,Sikkim,2015-05-24 00:00:00+00:00,2015,5,day,landslide,unknown,medium,0.0,0.0,NASA_GLC_LANDSLIDE,NASA Goddard Space Flight Center (GLC/COOLR),False,88.6586,27.6163,32.9,"Bop, Sikkim",http://www.theolympian.com/2015/05/27/3746897/rhododendron-explorers-from-south.html,VERIFIED_SATELLITE_CATALOG
NASA-GLC-NER-6968,6968,REAL-NER-002,Shillong Plateau / Sohra,Meghalaya,2015-06-13 00:00:00+00:00,2015,6,day,landslide,continuous_rain,medium,4.0,2.0,NASA_GLC_LANDSLIDE,NASA Goddard Space Flight Center (GLC/COOLR),False,92.2121,25.463,41.97,"Ratacherra village along the NH-44 connecting to Barak Valley in Assam and Tripura, Meghalaya, Mizoramon",http://www.newkerala.com/news/2015/fullnews-73439.html,VERIFIED_SATELLITE_CATALOG
NASA-GLC-NER-6967,6967,REAL-NER-008,Gangtok - Teesta Valley,Sikkim,2015-06-13 06:30:00+00:00,2015,6,day,landslide,downpour,medium,0.0,0.0,NASA_GLC_LANDSLIDE,NASA Goddard Space Flight Center (GLC/COOLR),False,88.2476,27.0165,48.91,"Darjeeling Heritage Railway, Darjeeling",http://www.aninews.in/videogallery9/38760-landslide-hits-toy-train-services-in-west-bengal.html,VERIFIED_SATELLITE_CATALOG
NASA-GLC-NER-6966,6966,REAL-NER-008,Gangtok - Teesta Valley,Sikkim,2015-06-17 00:00:00+00:00,2015,6,day,landslide,downpour,small,0.0,0.0,NASA_GLC_LANDSLIDE,NASA Goddard Space Flight Center (GLC/COOLR),False,88.4314,26.9974,40.06,"National Highway 31A, Darjeeling Hills",http://www.thestatesman.com/news/northeast/landslides-snap-siliguri-gangtok-road-link/70121.html,VERIFIED_SATELLITE_CATALOG
NASA-GLC-NER-6963,6963,REAL-NER-005,Aizawl Mountain Slopes,Mizoram,2015-06-19 00:00:00+00:00,2015,6,day,landslide,rain,medium,0.0,0.0,NASA_GLC_LANDSLIDE,NASA Goddard Space Flight Center (GLC/COOLR),False,92.7362,23.7131,1.75,"Muanna locality, Mizoram",http://www.thestatesman.com/news/northeast/27-graves-damaged-in-mizoram-landslide/70263.html,VERIFIED_SATELLITE_CATALOG
NASA-GLC-NER-6945,6945,REAL-NER-003,Imphal - Senapati NH-2 Corridor,Manipur,2015-06-19 00:00:00+00:00,2015,6,day,landslide,monsoon,medium,0.0,0.0,NASA_GLC_LANDSLIDE,NASA Goddard Space Flight Center (GLC/COOLR),False,93.686,25.16,43.54,"amei to Kangpokpi via Imphal road, 0.5 km from Tamei, Tamenglang District",http://e-pao.net/GP.asp?src=34..200615.jun15,VERIFIED_SATELLITE_CATALOG
NASA-GLC-NER-6990,6990,REAL-NER-004,Kohima - Phek Ridge,Nagaland,2015-06-24 00:00:00+00:00,2015,6,day,landslide,continuous_rain,medium,0.0,0.0,NASA_GLC_LANDSLIDE,NASA Goddard Space Flight Center (GLC/COOLR),False,94.5466,26.0319,58.13,"New Land (""""New Colony"""")",http://www.nagalandpost.com/channelnews/state/StateNews.aspx?news=TkVXUzEwMDA4MjI0OA%3D%3D,VERIFIED_SATELLITE_CATALOG
NASA-GLC-NER-7021,7021,REAL-NER-008,Gangtok - Teesta Valley,Sikkim,2015-06-27 23:00:00+00:00,2015,6,day,landslide,downpour,medium,1.0,0.0,NASA_GLC_LANDSLIDE,NASA Goddard Space Flight Center (GLC/COOLR),False,88.251,27.0076,49.37,"Old Monastery Road, Ghum",http://timesofindia.indiatimes.com/city/kolkata/Landslides-claim-1-life-block-Hills-road-in-Darjeeling/articleshow/47858393.cms,VERIFIED_SATELLITE_CATALOG
NASA-GLC-NER-7033,7033,REAL-NER-008,Gangtok - Teesta Valley,Sikkim,2015-06-29 00:00:00+00:00,2015,6,day,landslide,downpour,medium,0.0,0.0,NASA_GLC_LANDSLIDE,NASA Goddard Space Flight Center (GLC/COOLR),False,88.2478,27.0161,48.93,NH-55 at Merry Villa,http://timesofindia.indiatimes.com/city/kolkata/Landslide-halts-joy-ride-in-Darjeeling/articleshow/47887813.cms,VERIFIED_SATELLITE_CATALOG
NASA-GLC-NER-7034,7034,REAL-NER-008,Gangtok - Teesta Valley,Sikkim,2015-06-30 00:00:00+00:00,2015,6,day,landslide,downpour,medium,1.0,0.0,NASA_GLC_LANDSLIDE,NASA Goddard Space Flight Center (GLC/COOLR),False,88.6556,27.0875,26.98,"Lava, Kalimpong",http://timesofindia.indiatimes.com/india/Darjeeling-landslides-kill-20/articleshow/47891729.cms,VERIFIED_SATELLITE_CATALOG
NASA-GLC-NER-7363,7363,REAL-NER-008,Gangtok - Teesta Valley,Sikkim,2015-06-30 23:00:00+00:00,2015,6,day,landslide,downpour,medium,42.0,0.0,NASA_GLC_LANDSLIDE,NASA Goddard Space Flight Center (GLC/COOLR),False,88.1835,26.8843,64.04,"Limbu Dhura, Tingling",http://www.thestatesman.com/news/bengal/the-case-of-the-missing-8/79105.html,VERIFIED_SATELLITE_CATALOG
NASA-GLC-NER-7040,7040,REAL-NER-008,Gangtok - Teesta Valley,Sikkim,2015-07-01 00:00:00+00:00,2015,7,day,landslide,downpour,medium,1.0,0.0,NASA_GLC_LANDSLIDE,NASA Goddard Space Flight Center (GLC/COOLR),False,88.167,26.9978,56.2,Sukhiapokhari,http://www.hindustantimes.com/india-news/at-least-30-killed-houses-swept-away-in-darjeeling-landslides/article1-1364708.aspx,VERIFIED_SATELLITE_CATALOG
NASA-GLC-NER-7039,7039,REAL-NER-008,Gangtok - Teesta Valley,Sikkim,2015-07-01 00:00:00+00:00,2015,7,day,landslide,downpour,medium,0.0,0.0,NASA_GLC_LANDSLIDE,NASA Goddard Space Flight Center (GLC/COOLR),False,88.456,27.0678,31.95,8 mile in Kalimpong,http://indiatoday.intoday.in/story/darjeeling-landslides-heavy-rains-west-bengal/1/448268.html,VERIFIED_SATELLITE_CATALOG
NASA-GLC-NER-7076,7076,REAL-NER-008,Gangtok - Teesta Valley,Sikkim,2015-07-04 18:00:00+00:00,2015,7,day,landslide,unknown,small,0.0,0.0,NASA_GLC_LANDSLIDE,NASA Goddard Space Flight Center (GLC/COOLR),False,88.4553,26.9282,46.39,near Kalijhora,http://economictimes.indiatimes.com/news/politics-and-nation/another-landslip-occurs-in-darjeeling-even-as-people-return-home-from-relief-shelters/articleshow/47945060.cms,VERIFIED_SATELLITE_CATALOG
NASA-GLC-NER-7138,7138,REAL-NER-008,Gangtok - Teesta Valley,Sikkim,2015-07-07 00:00:00+00:00,2015,7,day,landslide,continuous_rain,small,0.0,0.0,NASA_GLC_LANDSLIDE,NASA Goddard Space Flight Center (GLC/COOLR),False,88.4397,27.0816,31.37,"NH-10, Sepi Jhora, Kalimpong",http://indianexpress.com/article/cities/kolkata/farmer-killed-fresh-landslide-in-kurseong/,VERIFIED_SATELLITE_CATALOG
NASA-GLC-NER-7139,7139,REAL-NER-008,Gangtok - Teesta Valley,Sikkim,2015-07-07 23:00:00+00:00,2015,7,day,landslide,continuous_rain,medium,1.0,0.0,NASA_GLC_LANDSLIDE,NASA Goddard Space Flight Center (GLC/COOLR),False,88.2806,26.8826,58.48,Kurseong,http://indianexpress.com/article/cities/kolkata/farmer-killed-fresh-landslide-in-kurseong/,VERIFIED_SATELLITE_CATALOG
NASA-GLC-NER-7214,7214,REAL-NER-006,Bhalukpong - Tawang Corridor,Arunachal Pradesh,2015-07-15 08:00:00+00:00,2015,7,day,landslide,monsoon,medium,3.0,0.0,NASA_GLC_LANDSLIDE,NASA Goddard Space Flight Center (GLC/COOLR),False,93.0385,27.36,65.56,Type-IV Colony of Seppa in East Kameng,http://www.ndtv.com/andhra-pradesh-news/3-killed-in-landslide-in-arunachal-pradesh-781829,VERIFIED_SATELLITE_CATALOG
NASA-GLC-NER-7264,7264,REAL-NER-004,Kohima - Phek Ridge,Nagaland,2015-07-22 00:00:00+00:00,2015,7,day,landslide,continuous_rain,medium,0.0,0.0,NASA_GLC_LANDSLIDE,NASA Goddard Space Flight Center (GLC/COOLR),False,93.9827,25.4538,27.53,22 kms to 30 kms between Sangkungmai and Willong,http://www.thesangaiexpress.com/page/items/54212/massive-landslide-along-maram-peren-road-downpour-creates-havoc-in-different-parts,VERIFIED_SATELLITE_CATALOG
NASA-GLC-NER-7266,7266,REAL-NER-004,Kohima - Phek Ridge,Nagaland,2015-07-22 00:00:00+00:00,2015,7,day,landslide,continuous_rain,medium,0.0,0.0,NASA_GLC_LANDSLIDE,NASA Goddard Space Flight Center (GLC/COOLR),False,93.8794,25.5098,31.3,Yangkhullen-Tamphung road till Nagaland border,http://www.thesangaiexpress.com/page/items/54212/massive-landslide-along-maram-peren-road-downpour-creates-havoc-in-different-parts,VERIFIED_SATELLITE_CATALOG
NASA-GLC-NER-7267,7267,REAL-NER-004,Kohima - Phek Ridge,Nagaland,2015-07-22 00:00:00+00:00,2015,7,day,landslide,continuous_rain,small,0.0,0.0,NASA_GLC_LANDSLIDE,NASA Goddard Space Flight Center (GLC/COOLR),False,94.0926,25.3908,29.39,NH-2 between Senapati and Mao,http://www.thesangaiexpress.com/page/items/54212/massive-landslide-along-maram-peren-road-downpour-creates-havoc-in-different-parts,VERIFIED_SATELLITE_CATALOG
NASA-GLC-NER-7279,7279,REAL-NER-003,Imphal - Senapati NH-2 Corridor,Manipur,2015-07-24 00:00:00+00:00,2015,7,day,mudslide,monsoon,medium,0.0,0.0,NASA_GLC_LANDSLIDE,NASA Goddard Space Flight Center (GLC/COOLR),False,93.5142,24.9818,46.33,Tamenglong Ward No-IV,http://e-pao.net/GP.asp?src=Snipp16..250715.jul15,VERIFIED_SATELLITE_CATALOG
NASA-GLC-NER-7276,7276,REAL-NER-001,Guwahati Hills Corridor,Assam,2015-07-25 09:00:00+00:00,2015,7,day,landslide,continuous_rain,medium,2.0,0.0,NASA_GLC_LANDSLIDE,NASA Goddard Space Flight Center (GLC/COOLR),False,91.8717,26.1062,14.36,nan,http://www.assamtalks.com/2-killed-in-jorabat-landslide.html,VERIFIED_SATELLITE_CATALOG
NASA-GLC-NER-7364,7364,REAL-NER-003,Imphal - Senapati NH-2 Corridor,Manipur,2015-07-31 09:00:00+00:00,2015,7,day,landslide,continuous_rain,medium,0.0,0.0,NASA_GLC_LANDSLIDE,NASA Goddard Space Flight Center (GLC/COOLR),False,94.3551,24.819,41.02,Phungyar road,http://e-pao.net/GP.asp?src=22..010815.aug15,VERIFIED_SATELLITE_CATALOG
NASA-GLC-NER-7372,7372,REAL-NER-003,Imphal - Senapati NH-2 Corridor,Manipur,2015-07-31 23:00:00+00:00,2015,7,day,mudslide,continuous_rain,medium,0.0,0.0,NASA_GLC_LANDSLIDE,NASA Goddard Space Flight Center (GLC/COOLR),False,94.3415,25.0634,46.05,Naga Gate along the Ukhrul-Imphal route,http://e-pao.net/GP.asp?src=22..020815.aug15,VERIFIED_SATELLITE_CATALOG
NASA-GLC-NER-7388,7388,REAL-NER-003,Imphal - Senapati NH-2 Corridor,Manipur,2015-08-01 00:00:00+00:00,2015,8,day,landslide,continuous_rain,medium,0.0,0.0,NASA_GLC_LANDSLIDE,NASA Goddard Space Flight Center (GLC/COOLR),False,94.0984,24.416,50.54,Senam,http://e-pao.net/GP.asp?src=1..020815.aug15,VERIFIED_SATELLITE_CATALOG
NASA-GLC-NER-7375,7375,REAL-NER-004,Kohima - Phek Ridge,Nagaland,2015-08-01 00:00:00+00:00,2015,8,day,landslide,continuous_rain,medium,0.0,0.0,NASA_GLC_LANDSLIDE,NASA Goddard Space Flight Center (GLC/COOLR),False,94.4481,25.1941,58.87,Ukhrul NH 201-Jessami road,http://e-pao.net/GP.asp?src=22..020815.aug15,VERIFIED_SATELLITE_CATALOG
NASA-GLC-NER-7369,7369,REAL-NER-003,Imphal - Senapati NH-2 Corridor,Manipur,2015-08-01 00:00:00+00:00,2015,8,day,landslide,continuous_rain,medium,0.0,0.0,NASA_GLC_LANDSLIDE,NASA Goddard Space Flight Center (GLC/COOLR),False,94.1016,24.1988,74.02,between Chalong and Paraolon,http://e-pao.net/GP.asp?src=21..020815.aug15,VERIFIED_SATELLITE_CATALOG
NASA-GLC-NER-7387,7387,REAL-NER-003,Imphal - Senapati NH-2 Corridor,Manipur,2015-08-01 00:00:00+00:00,2015,8,day,landslide,continuous_rain,small,0.0,0.0,NASA_GLC_LANDSLIDE,NASA Goddard Space Flight Center (GLC/COOLR),False,94.2156,24.954,29.18,Imphal-Ukhrul road,http://e-pao.net/GP.asp?src=1..020815.aug15,VERIFIED_SATELLITE_CATALOG
NASA-GLC-NER-7373,7373,REAL-NER-003,Imphal - Senapati NH-2 Corridor,Manipur,2015-08-01 00:00:00+00:00,2015,8,day,landslide,continuous_rain,medium,0.0,0.0,NASA_GLC_LANDSLIDE,NASA Goddard Space Flight Center (GLC/COOLR),False,94.4759,24.9111,53.48,between Maku village and Kamjong sub division,http://e-pao.net/GP.asp?src=22..020815.aug15,VERIFIED_SATELLITE_CATALOG
NASA-GLC-NER-7409,7409,REAL-NER-004,Kohima - Phek Ridge,Nagaland,2015-08-02 00:00:00+00:00,2015,8,day,landslide,continuous_rain,medium,0.0,0.0,NASA_GLC_LANDSLIDE,NASA Goddard Space Flight Center (GLC/COOLR),False,94.6219,25.72,47.92,Meluri Sub-Division in Phek District of Nagaland,http://www.ibnlive.com/news/india/incessant-rains-trigger-landslide-and-mud-slips-in-nagaland-1029674.html,VERIFIED_SATELLITE_CATALOG
NASA-GLC-NER-7664,7664,REAL-NER-003,Imphal - Senapati NH-2 Corridor,Manipur,2015-08-11 00:00:00+00:00,2015,8,day,landslide,continuous_rain,medium,0.0,0.0,NASA_GLC_LANDSLIDE,NASA Goddard Space Flight Center (GLC/COOLR),False,93.4251,24.7459,54.23,Nungba,http://e-pao.net/GP.asp?src=26..120815.aug15,VERIFIED_SATELLITE_CATALOG
NASA-GLC-NER-7666,7666,REAL-NER-003,Imphal - Senapati NH-2 Corridor,Manipur,2015-08-11 00:00:00+00:00,2015,8,day,landslide,continuous_rain,medium,0.0,0.0,NASA_GLC_LANDSLIDE,NASA Goddard Space Flight Center (GLC/COOLR),False,93.3729,25.1019,64.56,Tousem,http://e-pao.net/GP.asp?src=26..120815.aug15,VERIFIED_SATELLITE_CATALOG
NASA-GLC-NER-7665,7665,REAL-NER-003,Imphal - Senapati NH-2 Corridor,Manipur,2015-08-11 00:00:00+00:00,2015,8,day,landslide,continuous_rain,medium,0.0,0.0,NASA_GLC_LANDSLIDE,NASA Goddard Space Flight Center (GLC/COOLR),False,93.5291,24.7016,45.59,Khoupum,http://e-pao.net/GP.asp?src=26..120815.aug15,VERIFIED_SATELLITE_CATALOG
NASA-GLC-NER-7660,7660,REAL-NER-004,Kohima - Phek Ridge,Nagaland,2015-08-12 00:00:00+00:00,2015,8,day,mudslide,continuous_rain,medium,0.0,0.0,NASA_GLC_LANDSLIDE,NASA Goddard Space Flight Center (GLC/COOLR),False,94.1136,25.6237,4.68,Phesama village,http://www.nagalandpost.com/channelnews/State/StateNews.aspx?news=TkVXUzEwMDA4NDc2Mg%3D%3D,VERIFIED_SATELLITE_CATALOG
NASA-GLC-NER-7590,7590,REAL-NER-002,Shillong Plateau / Sohra,Meghalaya,2015-08-19 00:00:00+00:00,2015,8,day,landslide,rain,small,0.0,0.0,NASA_GLC_LANDSLIDE,NASA Goddard Space Flight Center (GLC/COOLR),False,92.3807,25.1416,65.08,Tongseng,http://www.ibtimes.co.in/meghalaya-massive-landslide-east-jaintia-hills-flash-floods-shillong-hit-normal-life-643439,VERIFIED_SATELLITE_CATALOG
NASA-GLC-NER-7699,7699,REAL-NER-004,Kohima - Phek Ridge,Nagaland,2015-08-19 00:00:00+00:00,2015,8,day,landslide,continuous_rain,medium,0.0,0.0,NASA_GLC_LANDSLIDE,NASA Goddard Space Flight Center (GLC/COOLR),False,94.5224,26.0214,55.63,Zunheboto district,http://news.webindia123.com/news/Articles/India/20150819/2663754.html,VERIFIED_SATELLITE_CATALOG
NASA-GLC-NER-7589,7589,REAL-NER-002,Shillong Plateau / Sohra,Meghalaya,2015-08-19 00:00:00+00:00,2015,8,day,landslide,rain,medium,0.0,0.0,NASA_GLC_LANDSLIDE,NASA Goddard Space Flight Center (GLC/COOLR),False,92.3825,25.2568,60.67,National Highway 44,http://www.ibtimes.co.in/meghalaya-massive-landslide-east-jaintia-hills-flash-floods-shillong-hit-normal-life-643439,VERIFIED_SATELLITE_CATALOG
NASA-GLC-NER-7701,7701,REAL-NER-004,Kohima - Phek Ridge,Nagaland,2015-08-19 15:00:00+00:00,2015,8,day,landslide,continuous_rain,medium,0.0,0.0,NASA_GLC_LANDSLIDE,NASA Goddard Space Flight Center (GLC/COOLR),False,94.1051,25.6278,5.13,Phesama,http://nagalandpost.com/ChannelNews/State/StateNews.aspx?news=TkVXUzEwMDA4NTE4Nw%3D%3D,VERIFIED_SATELLITE_CATALOG
NASA-GLC-NER-7727,7727,REAL-NER-004,Kohima - Phek Ridge,Nagaland,2015-08-20 18:00:00+00:00,2015,8,day,landslide,continuous_rain,medium,0.0,0.0,NASA_GLC_LANDSLIDE,NASA Goddard Space Flight Center (GLC/COOLR),False,94.1057,25.6263,5.16,between Phesama and Kuima in Nagaland,http://e-pao.net/GP.asp?src=11..220815.aug15,VERIFIED_SATELLITE_CATALOG
NASA-GLC-NER-7728,7728,REAL-NER-001,Guwahati Hills Corridor,Assam,2015-08-22 09:00:00+00:00,2015,8,day,landslide,continuous_rain,medium,0.0,0.0,NASA_GLC_LANDSLIDE,NASA Goddard Space Flight Center (GLC/COOLR),False,91.8806,26.1028,15.31,Natonal Highway in Jorabat area,http://www.assamtimes.org/node/14643,VERIFIED_SATELLITE_CATALOG
NASA-GLC-NER-7780,7780,REAL-NER-005,Aizawl Mountain Slopes,Mizoram,2015-08-26 00:00:00+00:00,2015,8,day,landslide,continuous_rain,medium,1.0,0.0,NASA_GLC_LANDSLIDE,NASA Goddard Space Flight Center (GLC/COOLR),False,92.7878,23.3572,41.4,Sailam village,http://indianexpress.com/article/india/india-others/several-houses-swept-away-in-mudslide-in-the-mizoram-town-of-phullen/,VERIFIED_SATELLITE_CATALOG
NASA-GLC-NER-7778,7778,REAL-NER-005,Aizawl Mountain Slopes,Mizoram,2015-08-26 00:00:00+00:00,2015,8,day,mudslide,continuous_rain,medium,0.0,0.0,NASA_GLC_LANDSLIDE,NASA Goddard Space Flight Center (GLC/COOLR),False,93.0514,23.8447,35.78,Phullen’s main road,http://indianexpress.com/article/india/india-others/several-houses-swept-away-in-mudslide-in-the-mizoram-town-of-phullen/,VERIFIED_SATELLITE_CATALOG
NASA-GLC-NER-7837,7837,REAL-NER-005,Aizawl Mountain Slopes,Mizoram,2015-08-27 00:00:00+00:00,2015,8,day,landslide,downpour,medium,0.0,0.0,NASA_GLC_LANDSLIDE,NASA Goddard Space Flight Center (GLC/COOLR),False,92.7265,23.7269,0.26,three graveyards within Aizawl,http://indianexpress.com/article/india/india-others/mizoram-aizawl-houses-swept-away-graves-damaged-by-rain-and-landslide/,VERIFIED_SATELLITE_CATALOG
NASA-GLC-NER-7836,7836,REAL-NER-005,Aizawl Mountain Slopes,Mizoram,2015-08-27 00:00:00+00:00,2015,8,day,landslide,downpour,medium,0.0,0.0,NASA_GLC_LANDSLIDE,NASA Goddard Space Flight Center (GLC/COOLR),False,92.6724,24.042,35.65,"National Highway 54, at Kawnpui town",http://indianexpress.com/article/india/india-others/mizoram-aizawl-houses-swept-away-graves-damaged-by-rain-and-landslide/,VERIFIED_SATELLITE_CATALOG
NASA-GLC-NER-7972,7972,REAL-NER-005,Aizawl Mountain Slopes,Mizoram,2015-08-28 01:45:00+00:00,2015,8,day,landslide,downpour,large,0.0,0.0,NASA_GLC_LANDSLIDE,NASA Goddard Space Flight Center (GLC/COOLR),False,92.8112,23.4495,31.87,"Mizoram, India",http://indianexpress.com/article/india/india-others/mizorams-power-lifeline-on-shaky-ground-after-landslip/,VERIFIED_SATELLITE_CATALOG
NASA-GLC-NER-7923,7923,REAL-NER-001,Guwahati Hills Corridor,Assam,2015-09-01 00:00:00+00:00,2015,9,day,landslide,rain,medium,2.0,0.0,NASA_GLC_LANDSLIDE,NASA Goddard Space Flight Center (GLC/COOLR),False,91.72137514,26.49349035,35.53,Amingaon,http://www.newindianexpress.com/nation/Woman-Child-Killed-in-Assam-Landslide/2015/09/01/article3005012.ece,VERIFIED_SATELLITE_CATALOG
NASA-GLC-NER-7933,7933,REAL-NER-001,Guwahati Hills Corridor,Assam,2015-09-01 00:00:00+00:00,2015,9,day,rock_fall,rain,medium,2.0,0.0,NASA_GLC_LANDSLIDE,NASA Goddard Space Flight Center (GLC/COOLR),False,91.6739,26.1868,7.71,Maligaon,http://www.assamtimes.org/node/14780,VERIFIED_SATELLITE_CATALOG
NASA-GLC-NER-7956,7956,REAL-NER-001,Guwahati Hills Corridor,Assam,2015-09-05 00:00:00+00:00,2015,9,day,landslide,unknown,medium,0.0,0.0,NASA_GLC_LANDSLIDE,NASA Goddard Space Flight Center (GLC/COOLR),False,91.8695,26.048,18.49,Byrnihat,http://www.assamtribune.com/scripts/detailsnew.asp?id=sep0615/city053,VERIFIED_SATELLITE_CATALOG
NASA-GLC-NER-8012,8012,REAL-NER-001,Guwahati Hills Corridor,Assam,2015-09-06 15:00:00+00:00,2015,9,day,landslide,unknown,medium,0.0,0.0,NASA_GLC_LANDSLIDE,NASA Goddard Space Flight Center (GLC/COOLR),False,91.8584,25.9703,25.21,"Umling, Meghalaya 793102, India",http://www.assamtribune.com/scripts/detailsnew.asp?id=sep0815/oth058,VERIFIED_SATELLITE_CATALOG
NASA-GLC-NER-8224,8224,REAL-NER-005,Aizawl Mountain Slopes,Mizoram,2015-09-14 01:30:00+00:00,2015,9,day,landslide,downpour,medium,0.0,0.0,NASA_GLC_LANDSLIDE,NASA Goddard Space Flight Center (GLC/COOLR),False,92.7187,23.7313,0.95,"Aizawl, Mizoram, India",http://thenortheasttoday.com/landslides-damage-houses-graves-in-aizawl/,VERIFIED_SATELLITE_CATALOG
NASA-GLC-NER-8339,8339,REAL-NER-001,Guwahati Hills Corridor,Assam,2015-09-23 00:00:00+00:00,2015,9,day,landslide,continuous_rain,medium,0.0,0.0,NASA_GLC_LANDSLIDE,NASA Goddard Space Flight Center (GLC/COOLR),False,91.7042,26.1666,4.67,Kamakhya Temple,http://www.assamtimes.org/node/15150,VERIFIED_SATELLITE_CATALOG
NASA-GLC-NER-8366,8366,REAL-NER-002,Shillong Plateau / Sohra,Meghalaya,2015-09-23 15:00:00+00:00,2015,9,day,landslide,downpour,medium,2.0,1.0,NASA_GLC_LANDSLIDE,NASA Goddard Space Flight Center (GLC/COOLR),False,91.893,25.583,22.39,"Shillong, Meghalaya, India",http://www.northeasttoday.in/two-women-buried-alive-in-shillong-landslide/,VERIFIED_SATELLITE_CATALOG
NASA-GLC-NER-9215,9215,REAL-NER-008,Gangtok - Teesta Valley,Sikkim,2016-01-14 05:15:00+00:00,2016,1,day,rock_fall,unknown,medium,1.0,5.0,NASA_GLC_LANDSLIDE,NASA Goddard Space Flight Center (GLC/COOLR),False,88.5294,27.1758,18.0,NH10 in Rangpo,http://www.hindustantimes.com/india/several-feared-buried-under-landslide-near-bengal-sikkim-border/story-1f7Ni6EagU54nghtFD9otO.html,VERIFIED_SATELLITE_CATALOG
NASA-GLC-NER-7655,7655,REAL-NER-006,Bhalukpong - Tawang Corridor,Arunachal Pradesh,2016-04-22 02:30:00+00:00,2016,4,day,landslide,continuous_rain,medium,17.0,0.0,NASA_GLC_LANDSLIDE,NASA Goddard Space Flight Center (GLC/COOLR),False,91.8569,27.5799,68.26,"Tawang, Arunachal Pradesh",http://zeenews.india.com/news/north-east/landslide-in-tawang-area-of-arunachal-pradesh-watch-video_1878690.html,VERIFIED_SATELLITE_CATALOG
NASA-GLC-NER-9169,9169,REAL-NER-004,Kohima - Phek Ridge,Nagaland,2016-06-12 00:00:00+00:00,2016,6,day,landslide,continuous_rain,unknown,0.0,0.0,NASA_GLC_LANDSLIDE,NASA Goddard Space Flight Center (GLC/COOLR),False,94.2442,26.1677,58.33,"on road between Mon and Tobu near Telangsao Hydro project , Nagaland, India",http://www.nagalandpost.com/channelnews/state/StateNews.aspx?news=TkVXUzEwMDA5ODM0Mg%3D%3D,VERIFIED_SATELLITE_CATALOG
NASA-GLC-NER-8222,8222,REAL-NER-001,Guwahati Hills Corridor,Assam,2016-06-22 12:00:00+00:00,2016,6,day,mudslide,downpour,medium,1.0,0.0,NASA_GLC_LANDSLIDE,NASA Goddard Space Flight Center (GLC/COOLR),False,91.7825,26.1961,4.0,"Piyali Phukan Nagar, Guwahati, India",http://www.nyoooz.com/guwahati/515423/woman-killed-in-wall-collapse-after-landslide-in-guwahati,VERIFIED_SATELLITE_CATALOG
NASA-GLC-NER-8237,8237,REAL-NER-006,Bhalukpong - Tawang Corridor,Arunachal Pradesh,2016-07-01 00:00:00+00:00,2016,7,day,landslide,downpour,large,5.0,3.0,NASA_GLC_LANDSLIDE,NASA Goddard Space Flight Center (GLC/COOLR),False,92.6351,27.0136,31.16,"Old Inspection Bungalow, Bhalukpong town, West Kameng, Arunachal Pradesh, India",http://www.thehindu.com/news/national/many-killed-in-arunachal-landslip/article8798739.ece,VERIFIED_SATELLITE_CATALOG
NASA-GLC-NER-8900,8900,REAL-NER-003,Imphal - Senapati NH-2 Corridor,Manipur,2016-07-07 00:00:00+00:00,2016,7,day,landslide,monsoon,large,0.0,0.0,NASA_GLC_LANDSLIDE,NASA Goddard Space Flight Center (GLC/COOLR),False,94.3136,25.0118,40.84,"Imphal-Ukhrul sector of National Highway 102, Manipur, India",http://www.easternmirrornagaland.com/landslide-hampers-nh-102-traffic-restored/,VERIFIED_SATELLITE_CATALOG
NASA-GLC-NER-8684,8684,REAL-NER-001,Guwahati Hills Corridor,Assam,2016-07-07 00:00:00+00:00,2016,7,day,landslide,continuous_rain,medium,2.0,2.0,NASA_GLC_LANDSLIDE,NASA Goddard Space Flight Center (GLC/COOLR),False,91.3681,25.9611,44.95,"Kamrup district, Assam, India",http://www.hindustantimes.com/india-news/two-killed-due-to-landslide-in-assam/story-iWPiQmWinCDc8gZotcTmFM.html,VERIFIED_SATELLITE_CATALOG
NASA-GLC-NER-8901,8901,REAL-NER-004,Kohima - Phek Ridge,Nagaland,2016-07-10 00:00:00+00:00,2016,7,day,landslide,downpour,medium,0.0,0.0,NASA_GLC_LANDSLIDE,NASA Goddard Space Flight Center (GLC/COOLR),False,94.1318,25.7902,15.7,"National Highway 2, near Kohima, Nagaland, India",http://www.business-standard.com/article/news-ians/landslide-blocks-nh2-disrupting-traffic-to-and-from-manipur-116071000262_1.html,VERIFIED_SATELLITE_CATALOG
NASA-GLC-NER-8930,8930,REAL-NER-004,Kohima - Phek Ridge,Nagaland,2016-07-11 23:00:00+00:00,2016,7,day,landslide,unknown,large,0.0,0.0,NASA_GLC_LANDSLIDE,NASA Goddard Space Flight Center (GLC/COOLR),False,94.4922,26.1699,67.18,"North Point Colony, Akuluto, Nagaland, India",https://issuu.com/nagalandpost90/docs/july_13__2016,VERIFIED_SATELLITE_CATALOG
NASA-GLC-NER-8995,8995,REAL-NER-001,Guwahati Hills Corridor,Assam,2016-07-14 00:00:00+00:00,2016,7,day,landslide,monsoon,small,1.0,0.0,NASA_GLC_LANDSLIDE,NASA Goddard Space Flight Center (GLC/COOLR),False,91.8074,26.1963,6.2,"Noonmati Nijarapar area of the city, Guwahati, Assam, India",http://indianexpress.com/article/india/india-news-india/separate-landslides-kill-two-in-assam-2913748/,VERIFIED_SATELLITE_CATALOG
NASA-GLC-NER-9051,9051,REAL-NER-001,Guwahati Hills Corridor,Assam,2016-07-19 09:00:00+00:00,2016,7,day,landslide,unknown,medium,0.0,1.0,NASA_GLC_LANDSLIDE,NASA Goddard Space Flight Center (GLC/COOLR),False,91.8744337,26.09748244,15.12,"12th Mile area at Jorabat, Meghalaya, India",http://www.nelive.in/assam/news/woman-injured-landslide,VERIFIED_SATELLITE_CATALOG
NASA-GLC-NER-9122,9122,REAL-NER-001,Guwahati Hills Corridor,Assam,2016-07-20 00:00:00+00:00,2016,7,day,landslide,rain,medium,0.0,0.0,NASA_GLC_LANDSLIDE,NASA Goddard Space Flight Center (GLC/COOLR),False,91.802,26.1966,5.72,"Noonmati, Guwahati, Assam, India",http://timesofindia.indiatimes.com/city/guwahati/Landslide-toll-touches-6-as-woman-buried-alive-in-Guwahati/articleshow/53314082.cms,VERIFIED_SATELLITE_CATALOG
NASA-GLC-NER-9074,9074,REAL-NER-008,Gangtok - Teesta Valley,Sikkim,2016-07-20 00:00:00+00:00,2016,7,day,landslide,downpour,large,3.0,0.0,NASA_GLC_LANDSLIDE,NASA Goddard Space Flight Center (GLC/COOLR),False,88.1069,27.1176,53.94,"Rimbik, Darjeeling, West Bengal state, India",http://indianexpress.com/videos/news-video/darjeeling-landslide-takes-three-lives/,VERIFIED_SATELLITE_CATALOG
NASA-GLC-NER-9138,9138,REAL-NER-008,Gangtok - Teesta Valley,Sikkim,2016-07-21 09:00:00+00:00,2016,7,day,landslide,rain,medium,0.0,0.0,NASA_GLC_LANDSLIDE,NASA Goddard Space Flight Center (GLC/COOLR),False,88.4719,26.9015,48.77,"NH 10 between Coronation Bridge and Sevoke Kalibari, West Bengal, India",http://ilovesiliguri.com/nh10-closed-landslide-between-coronation-bridge-and-sevoke-kalibari-today-morning/,VERIFIED_SATELLITE_CATALOG
NASA-GLC-NER-9186,9186,REAL-NER-004,Kohima - Phek Ridge,Nagaland,2016-07-25 12:30:00+00:00,2016,7,day,landslide,continuous_rain,medium,0.0,1.0,NASA_GLC_LANDSLIDE,NASA Goddard Space Flight Center (GLC/COOLR),False,94.1383,25.48,18.94,"Imphal-Dimapur road  in Tadubi, Senapati district, Manipur, India",http://www.e-pao.net/GP.asp?src=Snipp1..260716.jul16,VERIFIED_SATELLITE_CATALOG
NASA-GLC-NER-9220,9220,REAL-NER-008,Gangtok - Teesta Valley,Sikkim,2016-07-26 23:00:00+00:00,2016,7,day,landslide,downpour,unknown,0.0,0.0,NASA_GLC_LANDSLIDE,NASA Goddard Space Flight Center (GLC/COOLR),False,88.1218,27.1027,53.36,"Finchaytaar, Lodhoma, Darjeeling, India",http://ilovesiliguri.com/landslides-last-night-threatens-6-more-homes-at-finchaytaar-lodhoma-in-darjeeling/,VERIFIED_SATELLITE_CATALOG
NASA-GLC-NER-9219,9219,REAL-NER-004,Kohima - Phek Ridge,Nagaland,2016-07-26 23:00:00+00:00,2016,7,day,landslide,downpour,medium,0.0,0.0,NASA_GLC_LANDSLIDE,NASA Goddard Space Flight Center (GLC/COOLR),False,94.5282,26.0101,55.1,"Zunheboto, Nagaland, India",http://www.nagalandpost.com/ChannelNews/State/StateNews.aspx?news=TkVXUzEwMDEwMDE5MQ%3D%3D,VERIFIED_SATELLITE_CATALOG
NASA-GLC-NER-9252,9252,REAL-NER-006,Bhalukpong - Tawang Corridor,Arunachal Pradesh,2016-07-28 00:00:00+00:00,2016,7,day,landslide,monsoon,medium,0.0,0.0,NASA_GLC_LANDSLIDE,NASA Goddard Space Flight Center (GLC/COOLR),False,91.8644,27.5748,67.33,"Dolma Lhakang complex, Lumla, Tawang,  Arunachal Pradesh, India",http://www.arunachaltimes.in/monsoon-fury-continues-to-pound-tawang/,VERIFIED_SATELLITE_CATALOG
NASA-GLC-NER-9232,9232,REAL-NER-005,Aizawl Mountain Slopes,Mizoram,2016-07-28 23:00:00+00:00,2016,7,day,landslide,continuous_rain,medium,2.0,6.0,NASA_GLC_LANDSLIDE,NASA Goddard Space Flight Center (GLC/COOLR),False,93.3783,23.5397,69.67,"Ngur, near Mizoram-Myanmar border, India",http://www.business-standard.com/article/pti-stories/two-killed-in-mizoram-landslide-116072900324_1.html,VERIFIED_SATELLITE_CATALOG
NASA-GLC-NER-9251,9251,REAL-NER-004,Kohima - Phek Ridge,Nagaland,2016-07-28 23:00:00+00:00,2016,7,day,landslide,downpour,medium,0.0,0.0,NASA_GLC_LANDSLIDE,NASA Goddard Space Flight Center (GLC/COOLR),False,94.7844,25.8702,68.09,"Government Middle School (GMS) Kiphire station “B”, Kiphire, Nagaland, India",http://nagalandpost.com/ChannelNews/State/StateNews.aspx?news=TkVXUzEwMDEwMDI0Mw%3D%3D,VERIFIED_SATELLITE_CATALOG
NASA-GLC-NER-9464,9464,REAL-NER-006,Bhalukpong - Tawang Corridor,Arunachal Pradesh,2016-08-05 00:00:00+00:00,2016,8,day,landslide,downpour,medium,0.0,3.0,NASA_GLC_LANDSLIDE,NASA Goddard Space Flight Center (GLC/COOLR),False,91.9754,27.5754,59.16,Babrang village under Jang circle in Tawang district,http://www.business-standard.com/article/pti-stories/three-injured-houses-collapse-in-landslide-in-arunachal-116080700399_1.html,VERIFIED_SATELLITE_CATALOG
NASA-GLC-NER-9587,9587,REAL-NER-008,Gangtok - Teesta Valley,Sikkim,2016-10-12 00:00:00+00:00,2016,10,day,landslide,downpour,medium,0.0,0.0,NASA_GLC_LANDSLIDE,NASA Goddard Space Flight Center (GLC/COOLR),False,88.4695,26.8692,52.3,between Siliguri and Sevak,http://www.business-standard.com/article/pti-stories/rains-landslips-affect-life-in-north-bengal-116101201035_1.html,VERIFIED_SATELLITE_CATALOG
NASA-GLC-NER-9603,9603,REAL-NER-008,Gangtok - Teesta Valley,Sikkim,2016-10-12 00:00:00+00:00,2016,10,day,landslide,downpour,medium,0.0,0.0,NASA_GLC_LANDSLIDE,NASA Goddard Space Flight Center (GLC/COOLR),False,88.1704,26.8861,64.73,Mirik,http://indianexpress.com/article/india/india-news-india/west-bengal-rains-landslips-affect-life-in-north-of-state-3079833/,VERIFIED_SATELLITE_CATALOG
NASA-GLC-NER-9604,9604,REAL-NER-008,Gangtok - Teesta Valley,Sikkim,2016-10-12 00:00:00+00:00,2016,10,day,landslide,continuous_rain,medium,0.0,0.0,NASA_GLC_LANDSLIDE,NASA Goddard Space Flight Center (GLC/COOLR),False,88.2891,27.2676,31.38,Legship,http://indianexpress.com/article/india/india-news-india/west-bengal-rains-landslips-affect-life-in-north-of-state-3079833/,VERIFIED_SATELLITE_CATALOG
NASA-GLC-NER-9617,9617,REAL-NER-008,Gangtok - Teesta Valley,Sikkim,2016-10-15 00:00:00+00:00,2016,10,day,landslide,unknown,medium,0.0,0.0,NASA_GLC_LANDSLIDE,NASA Goddard Space Flight Center (GLC/COOLR),False,88.2796,26.888,58.03,Zero near Kurseong,http://www.ndtv.com/cities/darjeelings-toy-train-service-suspended-due-to-landslides-1474442,VERIFIED_SATELLITE_CATALOG
NASA-GLC-NER-9618,9618,REAL-NER-008,Gangtok - Teesta Valley,Sikkim,2016-10-15 00:00:00+00:00,2016,10,day,rock_fall,downpour,small,0.0,0.0,NASA_GLC_LANDSLIDE,NASA Goddard Space Flight Center (GLC/COOLR),False,88.4486,26.9343,45.95,Kalijhora,http://www.thehindu.com/news/national/other-states/life-remains-hit-in-darjeeling-hills/article9222389.ece,VERIFIED_SATELLITE_CATALOG
NASA-GLC-NER-9620,9620,REAL-NER-008,Gangtok - Teesta Valley,Sikkim,2016-10-15 00:00:00+00:00,2016,10,day,landslide,downpour,medium,0.0,0.0,NASA_GLC_LANDSLIDE,NASA Goddard Space Flight Center (GLC/COOLR),False,88.5292,27.172,18.4,Rangpo,http://www.thehindu.com/news/national/other-states/life-remains-hit-in-darjeeling-hills/article9222389.ece,VERIFIED_SATELLITE_CATALOG
NASA-GLC-NER-9619,9619,REAL-NER-008,Gangtok - Teesta Valley,Sikkim,2016-10-15 00:00:00+00:00,2016,10,day,landslide,rain,medium,0.0,0.0,NASA_GLC_LANDSLIDE,NASA Goddard Space Flight Center (GLC/COOLR),False,88.3664,27.1695,28.85,Namchi,http://www.thehindu.com/news/national/other-states/life-remains-hit-in-darjeeling-hills/article9222389.ece,VERIFIED_SATELLITE_CATALOG
