zone_id,occurred_at,date_precision,event_type,trigger,magnitude,fatalities,injuries,source,is_demo,lon,lat,distance_to_centroid_km,location_description,notes,quality_flag,data_source
REAL-NER-008,2012-09-19 00:00:00+00:00,day,landslide,downpour,large,20,0,NASA_GLC_LANDSLIDE,False,88.556,27.8385,57.26,"North Skkimm Hwy between, Chungthang and Mangan, North Skimm (9 landslides)",NASA GLC Real Event ID 4569 in nan,verified_nasa_glc,NASA_GLC_LANDSLIDE
REAL-NER-008,2012-09-19 00:00:00+00:00,day,landslide,downpour,large,0,0,NASA_GLC_LANDSLIDE,False,88.605,27.6558,36.79," Chungthang and Pegong. Houses, between Rangma and Chungthang ",NASA GLC Real Event ID 4571 in nan,verified_nasa_glc,NASA_GLC_LANDSLIDE
REAL-NER-004,2013-07-17 00:00:00+00:00,day,mudslide,rain,medium,0,0,NASA_GLC_LANDSLIDE,False,93.9413,25.7658,24.56,"National Highway 29 Between Patkai Bridge And Kukidolong, Nagaland",NASA GLC Real Event ID 5122 in Nāgāland,verified_nasa_glc,NASA_GLC_LANDSLIDE
REAL-NER-004,2013-07-17 00:00:00+00:00,day,mudslide,rain,medium,0,0,NASA_GLC_LANDSLIDE,False,94.0885,25.7131,9.34,"National Highway 2 Near Meriema Village, 10 Km Away From Kohima",NASA GLC Real Event ID 5123 in Nāgāland,verified_nasa_glc,NASA_GLC_LANDSLIDE
REAL-NER-004,2013-07-12 23:00:00+00:00,day,landslide,downpour,medium,0,0,NASA_GLC_LANDSLIDE,False,94.1167,25.616,5.04,"National Highway 2 Near Phesama Village Close To Kisama Naha Heritage Site, Kohima District, Nagaland",NASA GLC Real Event ID 5084 in Nāgāland,verified_nasa_glc,NASA_GLC_LANDSLIDE
REAL-NER-008,2011-09-25 00:00:00+00:00,day,landslide,downpour,medium,0,0,NASA_GLC_LANDSLIDE,False,88.255,27.0605,45.05,"Singamari, Darhelling, West Bengal",NASA GLC Real Event ID 3986 in Bengal,verified_nasa_glc,NASA_GLC_LANDSLIDE
REAL-NER-003,2013-09-24 00:00:00+00:00,day,landslide,unknown,medium,0,0,NASA_GLC_LANDSLIDE,False,94.3619,25.0985,49.87,"Ukhrul, Manipur",NASA GLC Real Event ID 5552 in Manipur,verified_nasa_glc,NASA_GLC_LANDSLIDE
REAL-NER-008,2011-06-17 00:00:00+00:00,day,mudslide,downpour,large,4,0,NASA_GLC_LANDSLIDE,False,88.28,26.88,58.75,"St Mary's Hill, 3 km from Kurseong, West Bengal",NASA GLC Real Event ID 3621 in Bengal,verified_nasa_glc,NASA_GLC_LANDSLIDE
REAL-NER-008,2015-05-24 00:00:00+00:00,day,landslide,unknown,medium,0,0,NASA_GLC_LANDSLIDE,False,88.6586,27.6163,32.9,"Bop, Sikkim",NASA GLC Real Event ID 7031 in Sikkim,verified_nasa_glc,NASA_GLC_LANDSLIDE
REAL-NER-003,2013-08-17 23:00:00+00:00,day,landslide,continuous_rain,medium,0,0,NASA_GLC_LANDSLIDE,False,93.4341,24.7625,52.97,The Imphal-Jiribam Section Of Nh-37 In Tamenglong District,NASA GLC Real Event ID 5343 in Assam,verified_nasa_glc,NASA_GLC_LANDSLIDE
REAL-NER-003,2013-09-01 00:00:00+00:00,day,mudslide,continuous_rain,medium,0,0,NASA_GLC_LANDSLIDE,False,93.5063,24.9829,47.12,"Tamenglong, Manipur",NASA GLC Real Event ID 5431 in Assam,verified_nasa_glc,NASA_GLC_LANDSLIDE
REAL-NER-008,2011-09-30 00:00:00+00:00,day,landslide,unknown,medium,0,0,NASA_GLC_LANDSLIDE,False,88.5575,27.5161,21.66,nan,NASA GLC Real Event ID 3997 in nan,verified_nasa_glc,NASA_GLC_LANDSLIDE
REAL-NER-008,2015-06-27 23:00:00+00:00,day,landslide,downpour,medium,1,0,NASA_GLC_LANDSLIDE,False,88.251,27.0076,49.37,"Old Monastery Road, Ghum",NASA GLC Real Event ID 7021 in West Bengal,verified_nasa_glc,NASA_GLC_LANDSLIDE
REAL-NER-003,2011-05-31 14:30:00+00:00,day,landslide,downpour,medium,2,0,NASA_GLC_LANDSLIDE,False,93.5935,24.8286,36.05,"Gaoilung(Gadailong) village(?), Ward 4(?), Tamenglong, Manipur",NASA GLC Real Event ID 3560 in Manipur,verified_nasa_glc,NASA_GLC_LANDSLIDE
REAL-NER-001,2015-09-06 15:00:00+00:00,day,landslide,unknown,medium,0,0,NASA_GLC_LANDSLIDE,False,91.8584,25.9703,25.21,"Umling, Meghalaya 793102, India",NASA GLC Real Event ID 8012 in Meghalaya,verified_nasa_glc,NASA_GLC_LANDSLIDE
REAL-NER-001,2011-09-23 00:00:00+00:00,day,landslide,downpour,large,4,0,NASA_GLC_LANDSLIDE,False,91.7351,26.1548,2.69,"Maighuli, Guwahati, Meghalaya",NASA GLC Real Event ID 3983 in Assam,verified_nasa_glc,NASA_GLC_LANDSLIDE
REAL-NER-004,2011-06-28 00:00:00+00:00,day,landslide,downpour,medium,0,0,NASA_GLC_LANDSLIDE,False,94.1099,25.6682,4.5,"Ruzapfu valley, Kikruma Village, Phek District, Nagaland",NASA GLC Real Event ID 3663 in Nāgāland,verified_nasa_glc,NASA_GLC_LANDSLIDE
REAL-NER-008,2011-06-23 23:30:00+00:00,day,landslide,downpour,large,16,0,NASA_GLC_LANDSLIDE,False,88.2579,27.2879,34.05,Villages surrounding the West Sikkim district of ,NASA GLC Real Event ID 3643 in nan,verified_nasa_glc,NASA_GLC_LANDSLIDE
REAL-NER-003,2011-07-25 00:00:00+00:00,day,landslide,downpour,medium,0,0,NASA_GLC_LANDSLIDE,False,93.9157,24.6869,18.46,Manipur,NASA GLC Real Event ID 3840 in Manipur,verified_nasa_glc,NASA_GLC_LANDSLIDE
REAL-NER-004,2011-07-07 00:00:00+00:00,day,landslide,rain,medium,0,0,NASA_GLC_LANDSLIDE,False,94.1079,25.4191,26.02,Maram (80 km north of Imphal),NASA GLC Real Event ID 3741 in Nāgāland,verified_nasa_glc,NASA_GLC_LANDSLIDE
REAL-NER-001,2016-07-19 09:00:00+00:00,day,landslide,unknown,medium,0,1,NASA_GLC_LANDSLIDE,False,91.874434,26.097482,15.12,"12th Mile area at Jorabat, Meghalaya, India",NASA GLC Real Event ID 9051 in Meghalaya,verified_nasa_glc,NASA_GLC_LANDSLIDE
REAL-NER-008,2015-07-04 18:00:00+00:00,day,landslide,unknown,small,0,0,NASA_GLC_LANDSLIDE,False,88.4553,26.9282,46.39,near Kalijhora,NASA GLC Real Event ID 7076 in West Bengal,verified_nasa_glc,NASA_GLC_LANDSLIDE
REAL-NER-004,2015-06-24 00:00:00+00:00,day,landslide,continuous_rain,medium,0,0,NASA_GLC_LANDSLIDE,False,94.5466,26.0319,58.13,"New Land (""""New Colony"""")",NASA GLC Real Event ID 6990 in Nagaland,verified_nasa_glc,NASA_GLC_LANDSLIDE
REAL-NER-004,2016-06-12 00:00:00+00:00,day,landslide,continuous_rain,unknown,0,0,NASA_GLC_LANDSLIDE,False,94.2442,26.1677,58.33,"on road between Mon and Tobu near Telangsao Hydro project , Nagaland, India",NASA GLC Real Event ID 9169 in Nagaland,verified_nasa_glc,NASA_GLC_LANDSLIDE
REAL-NER-004,2015-07-22 00:00:00+00:00,day,landslide,continuous_rain,medium,0,0,NASA_GLC_LANDSLIDE,False,94.0489,25.4477,24.68,"15 kms from Maram, National Highway-102/A (Maram Peren road)",NASA GLC Real Event ID 7263 in Manipur,verified_nasa_glc,NASA_GLC_LANDSLIDE
REAL-NER-001,2012-06-20 00:00:00+00:00,day,landslide,downpour,medium,0,0,NASA_GLC_LANDSLIDE,False,91.7351,26.149,3.25,"Lalunggaon, Guwahati,  Assam",NASA GLC Real Event ID 4424 in Assam,verified_nasa_glc,NASA_GLC_LANDSLIDE
REAL-NER-003,2011-05-22 00:00:00+00:00,day,landslide,downpour,medium,0,0,NASA_GLC_LANDSLIDE,False,93.4093,25.0672,59.62,"Kaiphundai(?)-Tousem(in Assam) road, Tamenglong district, Manipur",NASA GLC Real Event ID 3525 in Assam,verified_nasa_glc,NASA_GLC_LANDSLIDE
REAL-NER-001,2012-06-02 00:00:00+00:00,day,landslide,downpour,large,0,0,NASA_GLC_LANDSLIDE,False,91.7356,26.1475,3.38,"Guwahati, Assam",NASA GLC Real Event ID 4377 in Assam,verified_nasa_glc,NASA_GLC_LANDSLIDE
REAL-NER-003,2013-09-01 00:00:00+00:00,day,mudslide,continuous_rain,medium,0,0,NASA_GLC_LANDSLIDE,False,93.487,24.9037,47.09,"Tamenglong- Khongsang Road, Manipur",NASA GLC Real Event ID 5430 in Manipur,verified_nasa_glc,NASA_GLC_LANDSLIDE
REAL-NER-004,2015-07-22 00:00:00+00:00,day,landslide,continuous_rain,medium,0,0,NASA_GLC_LANDSLIDE,False,93.9827,25.4538,27.53,22 kms to 30 kms between Sangkungmai and Willong,NASA GLC Real Event ID 7264 in Manipur,verified_nasa_glc,NASA_GLC_LANDSLIDE
REAL-NER-008,2016-07-26 23:00:00+00:00,day,landslide,downpour,unknown,0,0,NASA_GLC_LANDSLIDE,False,88.1218,27.1027,53.36,"Finchaytaar, Lodhoma, Darjeeling, India",NASA GLC Real Event ID 9220 in West Bengal,verified_nasa_glc,NASA_GLC_LANDSLIDE
REAL-NER-004,2013-07-01 00:00:00+00:00,day,landslide,downpour,medium,0,0,NASA_GLC_LANDSLIDE,False,94.3864,26.1147,56.83,"Thillong Village, Doyang Along State Highway 1, Wokha To Merapani Road",NASA GLC Real Event ID 5006 in Nāgāland,verified_nasa_glc,NASA_GLC_LANDSLIDE
REAL-NER-003,2015-07-24 00:00:00+00:00,day,mudslide,monsoon,medium,0,0,NASA_GLC_LANDSLIDE,False,93.5142,24.9818,46.33,Tamenglong Ward No-IV,NASA GLC Real Event ID 7279 in Manipur,verified_nasa_glc,NASA_GLC_LANDSLIDE
REAL-NER-001,2014-09-22 00:00:00+00:00,day,landslide,rain,small,0,0,NASA_GLC_LANDSLIDE,False,91.7998,26.1985,5.61,Noonmati,NASA GLC Real Event ID 6288 in Assam,verified_nasa_glc,NASA_GLC_LANDSLIDE
REAL-NER-004,2013-07-12 00:00:00+00:00,day,landslide,downpour,medium,0,0,NASA_GLC_LANDSLIDE,False,94.1139,25.6269,4.44,"National Highway 29 Near Phesama Village, Nagaland",NASA GLC Real Event ID 5087 in Nāgāland,verified_nasa_glc,NASA_GLC_LANDSLIDE
REAL-NER-008,2015-06-17 00:00:00+00:00,day,landslide,downpour,small,0,0,NASA_GLC_LANDSLIDE,False,88.4314,26.9974,40.06,"National Highway 31A, Darjeeling Hills",NASA GLC Real Event ID 6966 in West Bengal,verified_nasa_glc,NASA_GLC_LANDSLIDE
REAL-NER-005,2014-07-14 18:00:00+00:00,day,landslide,downpour,medium,1,2,NASA_GLC_LANDSLIDE,False,92.7463,23.7327,2.33,"Zembabawk, Aizawl",NASA GLC Real Event ID 6143 in Mizoram,verified_nasa_glc,NASA_GLC_LANDSLIDE
REAL-NER-008,2013-06-08 17:00:00+00:00,day,landslide,downpour,medium,0,0,NASA_GLC_LANDSLIDE,False,88.708,27.3721,11.88,"15 Km From Gangtok, Himalayans",NASA GLC Real Event ID 4908 in Sikkim,verified_nasa_glc,NASA_GLC_LANDSLIDE
REAL-NER-004,2016-07-10 00:00:00+00:00,day,landslide,downpour,medium,0,0,NASA_GLC_LANDSLIDE,False,94.1318,25.7902,15.7,"National Highway 2, near Kohima, Nagaland, India",NASA GLC Real Event ID 8901 in Nagaland,verified_nasa_glc,NASA_GLC_LANDSLIDE
REAL-NER-008,2012-09-14 00:00:00+00:00,day,landslide,downpour,medium,0,0,NASA_GLC_LANDSLIDE,False,88.3603,27.0377,39.78,"Takdah, West Bengal",NASA GLC Real Event ID 4552 in Sikkim,verified_nasa_glc,NASA_GLC_LANDSLIDE
REAL-NER-008,2013-09-16 15:00:00+00:00,day,landslide,downpour,small,1,0,NASA_GLC_LANDSLIDE,False,88.4674,27.0599,32.26,"Kalimpong, West Bengal",NASA GLC Real Event ID 5533 in Bengal,verified_nasa_glc,NASA_GLC_LANDSLIDE
REAL-NER-005,2015-08-26 00:00:00+00:00,day,landslide,continuous_rain,medium,1,0,NASA_GLC_LANDSLIDE,False,92.7878,23.3572,41.4,Sailam village,NASA GLC Real Event ID 7780 in Mizoram,verified_nasa_glc,NASA_GLC_LANDSLIDE
REAL-NER-001,2014-09-22 00:00:00+00:00,day,landslide,rain,small,0,0,NASA_GLC_LANDSLIDE,False,91.7548,26.1314,4.87,Dakhingaon,NASA GLC Real Event ID 6283 in Assam,verified_nasa_glc,NASA_GLC_LANDSLIDE
REAL-NER-003,2011-06-28 00:00:00+00:00,day,landslide,rain,medium,0,0,NASA_GLC_LANDSLIDE,False,94.01442,25.035617,21.64,"Ikou-Gangpijang road, near: Ikou, Saikul, and Gangpijang; Imphal India",NASA GLC Real Event ID 3662 in Manipur,verified_nasa_glc,NASA_GLC_LANDSLIDE
REAL-NER-004,2013-08-15 00:00:00+00:00,day,landslide,downpour,medium,0,0,NASA_GLC_LANDSLIDE,False,94.1884,25.3833,29.9,"Koide Government High School, Senapati, Manipur",NASA GLC Real Event ID 5427 in Nāgāland,verified_nasa_glc,NASA_GLC_LANDSLIDE
REAL-NER-001,2015-09-23 00:00:00+00:00,day,landslide,continuous_rain,medium,0,0,NASA_GLC_LANDSLIDE,False,91.7042,26.1666,4.67,Kamakhya Temple,NASA GLC Real Event ID 8339 in Assam,verified_nasa_glc,NASA_GLC_LANDSLIDE
REAL-NER-004,2016-07-25 12:30:00+00:00,day,landslide,continuous_rain,medium,0,1,NASA_GLC_LANDSLIDE,False,94.1383,25.48,18.94,"Imphal-Dimapur road  in Tadubi, Senapati district, Manipur, India",NASA GLC Real Event ID 9186 in Manipur,verified_nasa_glc,NASA_GLC_LANDSLIDE
REAL-NER-004,2013-07-15 00:00:00+00:00,day,landslide,rain,medium,0,0,NASA_GLC_LANDSLIDE,False,94.1139,25.6269,4.44,"National Highway 29 Near Phesama Village, Nagaland",NASA GLC Real Event ID 5107 in Nāgāland,verified_nasa_glc,NASA_GLC_LANDSLIDE
REAL-NER-001,2014-09-22 00:00:00+00:00,day,landslide,rain,small,0,0,NASA_GLC_LANDSLIDE,False,91.7082,26.1044,8.89,Garchuk,NASA GLC Real Event ID 6286 in Assam,verified_nasa_glc,NASA_GLC_LANDSLIDE
REAL-NER-008,2015-07-01 00:00:00+00:00,day,landslide,downpour,medium,1,0,NASA_GLC_LANDSLIDE,False,88.167,26.9978,56.2,Sukhiapokhari,NASA GLC Real Event ID 7040 in West Bengal,verified_nasa_glc,NASA_GLC_LANDSLIDE
REAL-NER-008,2011-09-28 00:00:00+00:00,day,landslide,rain,medium,0,0,NASA_GLC_LANDSLIDE,False,88.3372,26.8545,58.43,NH55 at Tindharia,NASA GLC Real Event ID 6782 in West Bengal,verified_nasa_glc,NASA_GLC_LANDSLIDE
REAL-NER-003,2016-07-07 00:00:00+00:00,day,landslide,monsoon,large,0,0,NASA_GLC_LANDSLIDE,False,94.3136,25.0118,40.84,"Imphal-Ukhrul sector of National Highway 102, Manipur, India",NASA GLC Real Event ID 8900 in Manipur,verified_nasa_glc,NASA_GLC_LANDSLIDE
REAL-NER-008,2011-07-20 00:00:00+00:00,day,landslide,rain,small,0,0,NASA_GLC_LANDSLIDE,False,88.4658,27.1141,26.95,National Highway 31A in West Bengal's Darjeeling district,NASA GLC Real Event ID 3813 in Bengal,verified_nasa_glc,NASA_GLC_LANDSLIDE
REAL-NER-004,2015-08-19 15:00:00+00:00,day,landslide,continuous_rain,medium,0,0,NASA_GLC_LANDSLIDE,False,94.1051,25.6278,5.13,Phesama,NASA GLC Real Event ID 7701 in Nagaland,verified_nasa_glc,NASA_GLC_LANDSLIDE
REAL-NER-008,2013-06-27 23:00:00+00:00,day,landslide,downpour,medium,0,0,NASA_GLC_LANDSLIDE,False,88.7628,27.3765,17.07,"Near Changu Lake, 15Km Away From Nathu La, On India-China Border In Eastern Sikkim",NASA GLC Real Event ID 4990 in Sikkim,verified_nasa_glc,NASA_GLC_LANDSLIDE
REAL-NER-004,2013-08-04 00:00:00+00:00,day,landslide,continuous_rain,medium,0,0,NASA_GLC_LANDSLIDE,False,94.5163,26.0137,54.59,"Zunheboto, Nagaland",NASA GLC Real Event ID 5268 in Nāgāland,verified_nasa_glc,NASA_GLC_LANDSLIDE
REAL-NER-001,2014-06-26 23:00:00+00:00,day,landslide,continuous_rain,small,3,0,NASA_GLC_LANDSLIDE,False,91.7645,26.1407,4.08,Narakasur,NASA GLC Real Event ID 6106 in Assam,verified_nasa_glc,NASA_GLC_LANDSLIDE
REAL-NER-001,2016-07-07 00:00:00+00:00,day,landslide,continuous_rain,medium,2,2,NASA_GLC_LANDSLIDE,False,91.3681,25.9611,44.95,"Kamrup district, Assam, India",NASA GLC Real Event ID 8684 in Assam,verified_nasa_glc,NASA_GLC_LANDSLIDE
REAL-NER-003,2015-07-31 09:00:00+00:00,day,landslide,continuous_rain,medium,0,0,NASA_GLC_LANDSLIDE,False,94.3551,24.819,41.02,Phungyar road,NASA GLC Real Event ID 7364 in Manipur,verified_nasa_glc,NASA_GLC_LANDSLIDE
REAL-NER-002,2015-06-13 00:00:00+00:00,day,landslide,continuous_rain,medium,4,2,NASA_GLC_LANDSLIDE,False,92.2121,25.463,41.97,"Ratacherra village along the NH-44 connecting to Barak Valley in Assam and Tripura, Meghalaya, Mizoramon",NASA GLC Real Event ID 6968 in Meghalaya,verified_nasa_glc,NASA_GLC_LANDSLIDE
REAL-NER-003,2015-08-01 00:00:00+00:00,day,landslide,continuous_rain,medium,0,0,NASA_GLC_LANDSLIDE,False,94.4759,24.9111,53.48,between Maku village and Kamjong sub division,NASA GLC Real Event ID 7373 in Manipur,verified_nasa_glc,NASA_GLC_LANDSLIDE
REAL-NER-001,2015-07-25 09:00:00+00:00,day,landslide,continuous_rain,medium,2,0,NASA_GLC_LANDSLIDE,False,91.8717,26.1062,14.36,nan,NASA GLC Real Event ID 7276 in Assam,verified_nasa_glc,NASA_GLC_LANDSLIDE
REAL-NER-001,2013-05-11 09:00:00+00:00,day,landslide,rain,medium,0,0,NASA_GLC_LANDSLIDE,False,91.7138,26.1662,3.74,"Nursery, North Guwahati, Guwahati, Assam,",NASA GLC Real Event ID 4858 in Assam,verified_nasa_glc,NASA_GLC_LANDSLIDE
REAL-NER-004,2013-08-04 00:00:00+00:00,day,landslide,continuous_rain,medium,0,0,NASA_GLC_LANDSLIDE,False,94.5234,25.8376,42.82,"Tizu, Nagaland",NASA GLC Real Event ID 5269 in Nāgāland,verified_nasa_glc,NASA_GLC_LANDSLIDE
REAL-NER-004,2013-08-04 00:00:00+00:00,day,landslide,continuous_rain,medium,0,0,NASA_GLC_LANDSLIDE,False,94.4619,26.0481,54.16,"Phizo, Nagaland",NASA GLC Real Event ID 5270 in Nāgāland,verified_nasa_glc,NASA_GLC_LANDSLIDE
REAL-NER-001,2014-09-22 00:00:00+00:00,day,landslide,rain,small,0,1,NASA_GLC_LANDSLIDE,False,91.8342,26.1324,9.65,Batahghuli,NASA GLC Real Event ID 6284 in Assam,verified_nasa_glc,NASA_GLC_LANDSLIDE
REAL-NER-008,2012-06-07 04:30:00+00:00,day,landslide,rain,large,7,0,NASA_GLC_LANDSLIDE,False,88.6458,27.1748,17.3,"Rolep, South Sikkim( Mapping to Rhenock 12 miles from Rolep)",NASA GLC Real Event ID 4394 in Sikkim,verified_nasa_glc,NASA_GLC_LANDSLIDE
REAL-NER-008,2014-07-15 00:00:00+00:00,day,landslide,rain,small,0,0,NASA_GLC_LANDSLIDE,False,88.4694,27.059,32.28,"Kalimpong, West Bengal",NASA GLC Real Event ID 6146 in West Bengal,verified_nasa_glc,NASA_GLC_LANDSLIDE
REAL-NER-004,2015-08-19 00:00:00+00:00,day,landslide,continuous_rain,medium,0,0,NASA_GLC_LANDSLIDE,False,94.5224,26.0214,55.63,Zunheboto district,NASA GLC Real Event ID 7699 in Nagaland,verified_nasa_glc,NASA_GLC_LANDSLIDE
REAL-NER-003,2015-08-11 00:00:00+00:00,day,landslide,continuous_rain,medium,0,0,NASA_GLC_LANDSLIDE,False,93.4251,24.7459,54.23,Nungba,NASA GLC Real Event ID 7664 in Manipur,verified_nasa_glc,NASA_GLC_LANDSLIDE
REAL-NER-001,2014-09-22 00:00:00+00:00,day,landslide,rain,small,0,0,NASA_GLC_LANDSLIDE,False,91.7056,26.1295,6.73,Dhirenpara,NASA GLC Real Event ID 6287 in Assam,verified_nasa_glc,NASA_GLC_LANDSLIDE
REAL-NER-001,2016-07-14 00:00:00+00:00,day,landslide,monsoon,small,1,0,NASA_GLC_LANDSLIDE,False,91.8074,26.1963,6.2,"Noonmati Nijarapar area of the city, Guwahati, Assam, India",NASA GLC Real Event ID 8995 in Assam,verified_nasa_glc,NASA_GLC_LANDSLIDE
REAL-NER-008,2011-07-17 00:00:00+00:00,day,landslide,rain,medium,0,0,NASA_GLC_LANDSLIDE,False,88.422809,26.991957,40.97,West Bengal-Sikkim at highway Rambi,NASA GLC Real Event ID 3794 in Sikkim,verified_nasa_glc,NASA_GLC_LANDSLIDE
REAL-NER-001,2014-09-22 00:00:00+00:00,day,landslide,rain,small,0,0,NASA_GLC_LANDSLIDE,False,91.8178,26.159,7.0,VIP Road,NASA GLC Real Event ID 6285 in Assam,verified_nasa_glc,NASA_GLC_LANDSLIDE
REAL-NER-004,2011-07-29 00:00:00+00:00,day,landslide,rain,medium,0,0,NASA_GLC_LANDSLIDE,False,94.108,25.4192,26.01,"Maram, Manipur",NASA GLC Real Event ID 3860 in Nāgāland,verified_nasa_glc,NASA_GLC_LANDSLIDE
REAL-NER-008,2013-09-07 15:00:00+00:00,day,landslide,rain,medium,0,0,NASA_GLC_LANDSLIDE,False,88.7323,27.3736,14.14,14 Milestone Of J N Marg Near Kyangnosola (East Sikkim),NASA GLC Real Event ID 5476 in Sikkim,verified_nasa_glc,NASA_GLC_LANDSLIDE
REAL-NER-004,2013-10-13 19:30:00+00:00,day,mudslide,downpour,medium,0,0,NASA_GLC_LANDSLIDE,False,94.6024,25.426,51.77,"Tusom, Manipur",NASA GLC Real Event ID 5603 in Manipur,verified_nasa_glc,NASA_GLC_LANDSLIDE
REAL-NER-001,2015-09-01 00:00:00+00:00,day,rock_fall,rain,medium,2,0,NASA_GLC_LANDSLIDE,False,91.6739,26.1868,7.71,Maligaon,NASA GLC Real Event ID 7933 in Assam,verified_nasa_glc,NASA_GLC_LANDSLIDE
REAL-NER-004,2011-06-21 00:00:00+00:00,day,landslide,rain,medium,0,0,NASA_GLC_LANDSLIDE,False,94.234123,25.516147,17.11,"Lasumi village in Phek district, Kohima",NASA GLC Real Event ID 3637 in Nāgāland,verified_nasa_glc,NASA_GLC_LANDSLIDE
REAL-NER-008,2015-06-17 00:00:00+00:00,day,landslide,downpour,small,0,0,NASA_GLC_LANDSLIDE,False,88.4301,27.0257,37.28,"National Highway 31A, Darjeeling Hills",NASA GLC Real Event ID 6965 in West Bengal,verified_nasa_glc,NASA_GLC_LANDSLIDE
REAL-NER-008,2012-06-07 00:00:00+00:00,day,landslide,downpour,large,7,0,NASA_GLC_LANDSLIDE,False,88.632,27.7565,48.08,"Nathang Maong, Sikkim",NASA GLC Real Event ID 4393 in nan,verified_nasa_glc,NASA_GLC_LANDSLIDE
REAL-NER-003,2015-07-31 23:00:00+00:00,day,mudslide,continuous_rain,medium,0,0,NASA_GLC_LANDSLIDE,False,94.3415,25.0634,46.05,Naga Gate along the Ukhrul-Imphal route,NASA GLC Real Event ID 7372 in Manipur,verified_nasa_glc,NASA_GLC_LANDSLIDE
REAL-NER-008,2011-08-23 00:00:00+00:00,day,landslide,downpour,medium,5,0,NASA_GLC_LANDSLIDE,False,88.225518,27.138622,42.43,"Samathang, Sikkim",NASA GLC Real Event ID 3943 in nan,verified_nasa_glc,NASA_GLC_LANDSLIDE
REAL-NER-001,2014-06-27 00:00:00+00:00,day,landslide,rain,small,3,0,NASA_GLC_LANDSLIDE,False,91.7697,26.1619,2.45,"Bhangagarh, Assam",NASA GLC Real Event ID 6110 in Assam,verified_nasa_glc,NASA_GLC_LANDSLIDE
REAL-NER-006,2011-07-16 00:00:00+00:00,day,landslide,downpour,medium,0,0,NASA_GLC_LANDSLIDE,False,92.9064,27.2743,50.74,Mebua (8 km from Seppa),NASA GLC Real Event ID 3789 in Arunāchal Pradesh,verified_nasa_glc,NASA_GLC_LANDSLIDE
REAL-NER-008,2016-10-15 00:00:00+00:00,day,rock_fall,downpour,small,0,0,NASA_GLC_LANDSLIDE,False,88.4486,26.9343,45.95,Kalijhora,NASA GLC Real Event ID 9618 in West Bengal,verified_nasa_glc,NASA_GLC_LANDSLIDE
REAL-NER-008,2012-07-19 00:00:00+00:00,day,landslide,monsoon,medium,0,0,NASA_GLC_LANDSLIDE,False,88.3373,26.8546,58.41,Tindharia railway maintenance shed,NASA GLC Real Event ID 6783 in West Bengal,verified_nasa_glc,NASA_GLC_LANDSLIDE
REAL-NER-004,2015-07-22 00:00:00+00:00,day,landslide,continuous_rain,medium,0,0,NASA_GLC_LANDSLIDE,False,93.9854,25.5007,23.41,Willong-Yangkhullen stretch,NASA GLC Real Event ID 7265 in Manipur,verified_nasa_glc,NASA_GLC_LANDSLIDE
REAL-NER-004,2015-08-20 18:00:00+00:00,day,landslide,continuous_rain,medium,0,0,NASA_GLC_LANDSLIDE,False,94.1057,25.6263,5.16,between Phesama and Kuima in Nagaland,NASA GLC Real Event ID 7727 in Nagaland,verified_nasa_glc,NASA_GLC_LANDSLIDE
REAL-NER-008,2016-10-15 00:00:00+00:00,day,landslide,unknown,medium,0,0,NASA_GLC_LANDSLIDE,False,88.2796,26.888,58.03,Zero near Kurseong,NASA GLC Real Event ID 9617 in West Bengal,verified_nasa_glc,NASA_GLC_LANDSLIDE
REAL-NER-005,2015-08-26 00:00:00+00:00,day,mudslide,continuous_rain,medium,0,0,NASA_GLC_LANDSLIDE,False,93.0514,23.8447,35.78,Phullen’s main road,NASA GLC Real Event ID 7778 in Mizoram,verified_nasa_glc,NASA_GLC_LANDSLIDE
REAL-NER-002,2014-09-23 03:00:00+00:00,day,landslide,continuous_rain,small,8,1,NASA_GLC_LANDSLIDE,False,91.8666,25.5772,20.81,Mawbah under Mawprem area,NASA GLC Real Event ID 6290 in Meghalaya,verified_nasa_glc,NASA_GLC_LANDSLIDE
REAL-NER-002,2012-06-13 00:00:00+00:00,day,landslide,downpour,medium,0,0,NASA_GLC_LANDSLIDE,False,92.0757,25.5498,32.3,"NH44, Kuliang",NASA GLC Real Event ID 4408 in Meghālaya,verified_nasa_glc,NASA_GLC_LANDSLIDE
REAL-NER-003,2012-06-10 00:00:00+00:00,day,landslide,downpour,very_large,0,0,NASA_GLC_LANDSLIDE,False,93.5444,24.8142,41.12,"Imphal-Jiribam section of NH-37 , Manipur",NASA GLC Real Event ID 4403 in Manipur,verified_nasa_glc,NASA_GLC_LANDSLIDE
REAL-NER-008,2013-09-01 18:00:00+00:00,day,landslide,downpour,medium,5,0,NASA_GLC_LANDSLIDE,False,88.2426,27.3425,35.36,Tamabong Village In Sikkim State,NASA GLC Real Event ID 5429 in Sikkim,verified_nasa_glc,NASA_GLC_LANDSLIDE
REAL-NER-008,2016-07-20 00:00:00+00:00,day,landslide,downpour,large,3,0,NASA_GLC_LANDSLIDE,False,88.1069,27.1176,53.94,"Rimbik, Darjeeling, West Bengal state, India",NASA GLC Real Event ID 9074 in West Bengal,verified_nasa_glc,NASA_GLC_LANDSLIDE
REAL-NER-001,2014-06-26 23:00:00+00:00,day,landslide,continuous_rain,small,1,0,NASA_GLC_LANDSLIDE,False,91.7896,26.1844,4.09,Bamunimaidam,NASA GLC Real Event ID 6107 in Assam,verified_nasa_glc,NASA_GLC_LANDSLIDE
REAL-NER-004,2015-08-12 00:00:00+00:00,day,mudslide,continuous_rain,medium,0,0,NASA_GLC_LANDSLIDE,False,94.1136,25.6237,4.68,Phesama village,NASA GLC Real Event ID 7660 in Nagaland,verified_nasa_glc,NASA_GLC_LANDSLIDE
REAL-NER-008,2015-07-01 00:00:00+00:00,day,landslide,downpour,medium,0,0,NASA_GLC_LANDSLIDE,False,88.2779,26.8811,58.76,Kurseong,NASA GLC Real Event ID 7037 in West Bengal,verified_nasa_glc,NASA_GLC_LANDSLIDE
REAL-NER-008,2012-09-16 00:00:00+00:00,day,landslide,downpour,medium,0,0,NASA_GLC_LANDSLIDE,False,88.3651,27.1675,29.09,"Namchi to Phongla, Namchi to Melli ,Namchi to Sumbuk",NASA GLC Real Event ID 4556 in Sikkim,verified_nasa_glc,NASA_GLC_LANDSLIDE
REAL-NER-003,2015-08-01 00:00:00+00:00,day,landslide,continuous_rain,medium,0,0,NASA_GLC_LANDSLIDE,False,94.0644,24.4072,50.58,between Bongyang and Lokchao along the Imphal-Moreh highway,NASA GLC Real Event ID 7389 in Manipur,verified_nasa_glc,NASA_GLC_LANDSLIDE
REAL-NER-001,2015-09-01 00:00:00+00:00,day,landslide,rain,medium,2,0,NASA_GLC_LANDSLIDE,False,91.721375,26.49349,35.53,Amingaon,NASA GLC Real Event ID 7923 in Assam,verified_nasa_glc,NASA_GLC_LANDSLIDE
REAL-NER-008,2011-06-20 20:30:00+00:00,day,landslide,rain,medium,0,0,NASA_GLC_LANDSLIDE,False,88.4659,27.0638,31.93,"Birik on NH31A, Kalimpong",NASA GLC Real Event ID 3632 in Bengal,verified_nasa_glc,NASA_GLC_LANDSLIDE
REAL-NER-005,2015-06-19 00:00:00+00:00,day,landslide,rain,medium,0,0,NASA_GLC_LANDSLIDE,False,92.7362,23.7131,1.75,"Muanna locality, Mizoram",NASA GLC Real Event ID 6963 in Mizoram,verified_nasa_glc,NASA_GLC_LANDSLIDE
REAL-NER-001,2016-06-22 12:00:00+00:00,day,mudslide,downpour,medium,1,0,NASA_GLC_LANDSLIDE,False,91.7825,26.1961,4.0,"Piyali Phukan Nagar, Guwahati, India",NASA GLC Real Event ID 8222 in Assam,verified_nasa_glc,NASA_GLC_LANDSLIDE
REAL-NER-008,2016-01-14 05:15:00+00:00,day,rock_fall,unknown,medium,1,5,NASA_GLC_LANDSLIDE,False,88.5294,27.1758,18.0,NH10 in Rangpo,NASA GLC Real Event ID 9215 in West Bengal,verified_nasa_glc,NASA_GLC_LANDSLIDE
REAL-NER-008,2016-10-15 00:00:00+00:00,day,landslide,downpour,medium,0,0,NASA_GLC_LANDSLIDE,False,88.5292,27.172,18.4,Rangpo,NASA GLC Real Event ID 9620 in Sikkim,verified_nasa_glc,NASA_GLC_LANDSLIDE
REAL-NER-005,2015-09-14 01:30:00+00:00,day,landslide,downpour,medium,0,0,NASA_GLC_LANDSLIDE,False,92.7187,23.7313,0.95,"Aizawl, Mizoram, India",NASA GLC Real Event ID 8224 in Mizoram,verified_nasa_glc,NASA_GLC_LANDSLIDE
REAL-NER-003,2012-03-04 00:00:00+00:00,day,landslide,unknown,medium,0,0,NASA_GLC_LANDSLIDE,False,93.6795,25.1604,43.98,Tamei constituency in Tamenlong district,NASA GLC Real Event ID 4241 in Manipur,verified_nasa_glc,NASA_GLC_LANDSLIDE
REAL-NER-006,2016-07-01 00:00:00+00:00,day,landslide,downpour,large,5,3,NASA_GLC_LANDSLIDE,False,92.6351,27.0136,31.16,"Old Inspection Bungalow, Bhalukpong town, West Kameng, Arunachal Pradesh, India",NASA GLC Real Event ID 8237 in Arunachal Pradesh,verified_nasa_glc,NASA_GLC_LANDSLIDE
REAL-NER-008,2012-06-03 00:00:00+00:00,day,landslide,downpour,medium,0,0,NASA_GLC_LANDSLIDE,False,88.5577,27.7167,43.75,"lachen, Sikkim",NASA GLC Real Event ID 4385 in nan,verified_nasa_glc,NASA_GLC_LANDSLIDE
REAL-NER-001,2013-05-11 00:00:00+00:00,day,landslide,rain,medium,0,1,NASA_GLC_LANDSLIDE,False,91.7599,26.1771,1.02,"Sarania Hills, North Guwahati, Guwahati, Assam,",NASA GLC Real Event ID 4859 in Assam,verified_nasa_glc,NASA_GLC_LANDSLIDE
REAL-NER-004,2011-08-13 08:00:00+00:00,day,mudslide,downpour,medium,0,0,NASA_GLC_LANDSLIDE,False,93.8067,25.7713,36.94,"Chumukedima, Dimapur",NASA GLC Real Event ID 3916 in Assam,verified_nasa_glc,NASA_GLC_LANDSLIDE
REAL-NER-008,2015-06-30 00:00:00+00:00,day,landslide,downpour,medium,1,0,NASA_GLC_LANDSLIDE,False,88.6556,27.0875,26.98,"Lava, Kalimpong",NASA GLC Real Event ID 7034 in West Bengal,verified_nasa_glc,NASA_GLC_LANDSLIDE
REAL-NER-008,2011-07-19 00:00:00+00:00,day,landslide,rain,medium,0,0,NASA_GLC_LANDSLIDE,False,88.425724,27.053742,34.74,200 meters from Teesta Bridge towards Siliguri,NASA GLC Real Event ID 3805 in Sikkim,verified_nasa_glc,NASA_GLC_LANDSLIDE
REAL-NER-003,2011-07-06 00:00:00+00:00,day,landslide,downpour,medium,6,0,NASA_GLC_LANDSLIDE,False,93.9482,24.8063,4.86,"National Highway 53, Sinam Khul (near Kotlen; ~25 km from Imphal)",NASA GLC Real Event ID 3738 in Manipur,verified_nasa_glc,NASA_GLC_LANDSLIDE
REAL-NER-004,2015-07-22 00:00:00+00:00,day,landslide,continuous_rain,medium,0,0,NASA_GLC_LANDSLIDE,False,93.8794,25.5098,31.3,Yangkhullen-Tamphung road till Nagaland border,NASA GLC Real Event ID 7266 in Manipur,verified_nasa_glc,NASA_GLC_LANDSLIDE
REAL-NER-001,2012-06-22 00:00:00+00:00,day,landslide,downpour,medium,3,0,NASA_GLC_LANDSLIDE,False,91.7162,26.1226,6.73,Lalunggaon near Gorchuk area,NASA GLC Real Event ID 4426 in Assam,verified_nasa_glc,NASA_GLC_LANDSLIDE
REAL-NER-002,2015-09-23 15:00:00+00:00,day,landslide,downpour,medium,2,1,NASA_GLC_LANDSLIDE,False,91.893,25.583,22.39,"Shillong, Meghalaya, India",NASA GLC Real Event ID 8366 in Meghalaya,verified_nasa_glc,NASA_GLC_LANDSLIDE
REAL-NER-006,2016-08-05 00:00:00+00:00,day,landslide,downpour,medium,0,3,NASA_GLC_LANDSLIDE,False,91.9754,27.5754,59.16,Babrang village under Jang circle in Tawang district,NASA GLC Real Event ID 9464 in Arunachal Pradesh,verified_nasa_glc,NASA_GLC_LANDSLIDE
REAL-NER-006,2011-08-12 00:00:00+00:00,day,landslide,rain,medium,0,0,NASA_GLC_LANDSLIDE,False,92.2833,27.44,29.07,East Kameng district in Arunachal Pradesh bordering China,NASA GLC Real Event ID 3912 in Arunāchal Pradesh,verified_nasa_glc,NASA_GLC_LANDSLIDE
REAL-NER-004,2013-10-05 23:00:00+00:00,day,mudslide,continuous_rain,medium,0,0,NASA_GLC_LANDSLIDE,False,94.1497,25.8266,19.64,"Chiechama, Nagaland",NASA GLC Real Event ID 5575 in Nāgāland,verified_nasa_glc,NASA_GLC_LANDSLIDE
REAL-NER-001,2016-07-14 00:00:00+00:00,day,landslide,monsoon,small,1,0,NASA_GLC_LANDSLIDE,False,91.7702,26.1768,2.03,"Pub Sarania hill, South Sarania, Guwahati, Assam, India",NASA GLC Real Event ID 8996 in Assam,verified_nasa_glc,NASA_GLC_LANDSLIDE
REAL-NER-008,2015-07-07 00:00:00+00:00,day,landslide,continuous_rain,small,0,0,NASA_GLC_LANDSLIDE,False,88.4397,27.0816,31.37,"NH-10, Sepi Jhora, Kalimpong",NASA GLC Real Event ID 7138 in Sikkim,verified_nasa_glc,NASA_GLC_LANDSLIDE
REAL-NER-005,2013-05-11 09:00:00+00:00,day,landslide,rain,large,15,0,NASA_GLC_LANDSLIDE,False,92.7175,23.7281,0.84,"Laipuitland , Aizawl, Mizoram",NASA GLC Real Event ID 4857 in Mizoram,verified_nasa_glc,NASA_GLC_LANDSLIDE
REAL-NER-003,2015-06-19 00:00:00+00:00,day,landslide,monsoon,medium,0,0,NASA_GLC_LANDSLIDE,False,93.686,25.16,43.54,"amei to Kangpokpi via Imphal road, 0.5 km from Tamei, Tamenglang District",NASA GLC Real Event ID 6945 in Manipur,verified_nasa_glc,NASA_GLC_LANDSLIDE
REAL-NER-001,2013-05-11 00:00:00+00:00,day,landslide,rain,medium,0,0,NASA_GLC_LANDSLIDE,False,91.6906,26.1016,10.09,"Boragaon, North Guwahati, Guwahati, Assam,",NASA GLC Real Event ID 4860 in Assam,verified_nasa_glc,NASA_GLC_LANDSLIDE
REAL-NER-005,2013-05-07 00:00:00+00:00,day,mudslide,rain,medium,0,0,NASA_GLC_LANDSLIDE,False,92.6755,24.2315,56.54,"Kolasib, Saiha, Mizoram,",NASA GLC Real Event ID 4845 in Mizoram,verified_nasa_glc,NASA_GLC_LANDSLIDE
REAL-NER-001,2015-08-22 09:00:00+00:00,day,landslide,continuous_rain,medium,0,0,NASA_GLC_LANDSLIDE,False,91.8806,26.1028,15.31,Natonal Highway in Jorabat area,NASA GLC Real Event ID 7728 in Assam,verified_nasa_glc,NASA_GLC_LANDSLIDE
REAL-NER-005,2015-08-27 00:00:00+00:00,day,landslide,downpour,medium,0,0,NASA_GLC_LANDSLIDE,False,92.6724,24.042,35.65,"National Highway 54, at Kawnpui town",NASA GLC Real Event ID 7836 in Mizoram,verified_nasa_glc,NASA_GLC_LANDSLIDE
REAL-NER-003,2015-08-01 00:00:00+00:00,day,landslide,continuous_rain,medium,0,0,NASA_GLC_LANDSLIDE,False,94.0984,24.416,50.54,Senam,NASA GLC Real Event ID 7388 in Manipur,verified_nasa_glc,NASA_GLC_LANDSLIDE
REAL-NER-008,2011-06-17 19:30:00+00:00,day,mudslide,rain,medium,0,0,NASA_GLC_LANDSLIDE,False,88.4451,27.4885,23.76,"National HWY 31A, Birik (cut off Sikkim)",NASA GLC Real Event ID 3619 in nan,verified_nasa_glc,NASA_GLC_LANDSLIDE
REAL-NER-004,2011-07-01 00:00:00+00:00,day,landslide,downpour,medium,0,0,NASA_GLC_LANDSLIDE,False,94.1739,25.8782,25.49,NH-61 between Botsa and Chiechama,NASA GLC Real Event ID 3683 in Nāgāland,verified_nasa_glc,NASA_GLC_LANDSLIDE
REAL-NER-008,2016-10-15 00:00:00+00:00,day,landslide,rain,medium,0,0,NASA_GLC_LANDSLIDE,False,88.3664,27.1695,28.85,Namchi,NASA GLC Real Event ID 9619 in Sikkim,verified_nasa_glc,NASA_GLC_LANDSLIDE
REAL-NER-001,2012-06-25 18:00:00+00:00,day,landslide,downpour,large,1,0,NASA_GLC_LANDSLIDE,False,91.7369,26.1049,7.9,"Sonaighuli area near Kahilipara, Guwahati City, Assam",NASA GLC Real Event ID 4434 in Assam,verified_nasa_glc,NASA_GLC_LANDSLIDE
REAL-NER-001,2013-10-06 12:45:00+00:00,day,landslide,downpour,medium,1,0,NASA_GLC_LANDSLIDE,False,91.8383,26.1309,10.09,"Batahguli, Guwahati, Assam",NASA GLC Real Event ID 5582 in Assam,verified_nasa_glc,NASA_GLC_LANDSLIDE
REAL-NER-003,2011-05-31 14:00:00+00:00,day,landslide,continuous_rain,small,0,0,NASA_GLC_LANDSLIDE,False,93.8474,25.1555,35.51,"Roads between Tamei(Tamma?), Kangpokpi and Chalwa, Manipur",NASA GLC Real Event ID 3556 in Manipur,verified_nasa_glc,NASA_GLC_LANDSLIDE
REAL-NER-001,2015-09-05 00:00:00+00:00,day,landslide,unknown,medium,0,0,NASA_GLC_LANDSLIDE,False,91.8695,26.048,18.49,Byrnihat,NASA GLC Real Event ID 7956 in Meghalaya,verified_nasa_glc,NASA_GLC_LANDSLIDE
REAL-NER-004,2015-08-02 00:00:00+00:00,day,landslide,continuous_rain,medium,0,0,NASA_GLC_LANDSLIDE,False,94.6219,25.72,47.92,Meluri Sub-Division in Phek District of Nagaland,NASA GLC Real Event ID 7409 in Nagaland,verified_nasa_glc,NASA_GLC_LANDSLIDE
REAL-NER-004,2016-07-26 23:00:00+00:00,day,landslide,downpour,medium,0,0,NASA_GLC_LANDSLIDE,False,94.5282,26.0101,55.1,"Zunheboto, Nagaland, India",NASA GLC Real Event ID 9219 in Nagaland,verified_nasa_glc,NASA_GLC_LANDSLIDE
REAL-NER-005,2015-09-14 03:10:00+00:00,day,landslide,downpour,large,0,0,NASA_GLC_LANDSLIDE,False,92.7187,23.7348,1.26,"Aizawl, Mizoram, India",NASA GLC Real Event ID 8223 in Mizoram,verified_nasa_glc,NASA_GLC_LANDSLIDE
REAL-NER-008,2015-07-01 00:00:00+00:00,day,landslide,downpour,medium,0,0,NASA_GLC_LANDSLIDE,False,88.2807,26.8781,58.89,"Khahare Khola, Kurseong",NASA GLC Real Event ID 7038 in West Bengal,verified_nasa_glc,NASA_GLC_LANDSLIDE
REAL-NER-004,2013-08-09 00:00:00+00:00,day,landslide,downpour,large,0,0,NASA_GLC_LANDSLIDE,False,94.0441,25.318,38.42,"Senapati, Manipur",NASA GLC Real Event ID 5300 in Nāgāland,verified_nasa_glc,NASA_GLC_LANDSLIDE
REAL-NER-003,2015-08-11 00:00:00+00:00,day,landslide,continuous_rain,medium,0,0,NASA_GLC_LANDSLIDE,False,93.5291,24.7016,45.59,Khoupum,NASA GLC Real Event ID 7665 in Manipur,verified_nasa_glc,NASA_GLC_LANDSLIDE
REAL-NER-004,2011-07-11 09:00:00+00:00,day,landslide,downpour,medium,0,0,NASA_GLC_LANDSLIDE,False,94.1095,25.6703,4.64,"NH-61, 1 km before reaching Botsa",NASA GLC Real Event ID 3760 in Nāgāland,verified_nasa_glc,NASA_GLC_LANDSLIDE
REAL-NER-008,2016-10-12 00:00:00+00:00,day,landslide,downpour,medium,0,0,NASA_GLC_LANDSLIDE,False,88.4695,26.8692,52.3,between Siliguri and Sevak,NASA GLC Real Event ID 9587 in West Bengal,verified_nasa_glc,NASA_GLC_LANDSLIDE
REAL-NER-008,2015-07-07 23:00:00+00:00,day,landslide,continuous_rain,medium,1,0,NASA_GLC_LANDSLIDE,False,88.2806,26.8826,58.48,Kurseong,NASA GLC Real Event ID 7139 in West Bengal,verified_nasa_glc,NASA_GLC_LANDSLIDE
REAL-NER-003,2015-08-01 00:00:00+00:00,day,landslide,continuous_rain,medium,0,0,NASA_GLC_LANDSLIDE,False,94.3591,25.1122,50.5,Ukhrul town Circular road from Rayotang to Viewland Zone II,NASA GLC Real Event ID 7374 in Manipur,verified_nasa_glc,NASA_GLC_LANDSLIDE
REAL-NER-005,2012-11-11 00:00:00+00:00,day,landslide,downpour,medium,4,0,NASA_GLC_LANDSLIDE,False,92.5217,23.7705,21.3,"Dapchhuah, Mamit, Mizoram",NASA GLC Real Event ID 4610 in Mizoram,verified_nasa_glc,NASA_GLC_LANDSLIDE
REAL-NER-008,2016-07-21 09:00:00+00:00,day,landslide,rain,medium,0,0,NASA_GLC_LANDSLIDE,False,88.4719,26.9015,48.77,"NH 10 between Coronation Bridge and Sevoke Kalibari, West Bengal, India",NASA GLC Real Event ID 9138 in West Bengal,verified_nasa_glc,NASA_GLC_LANDSLIDE
REAL-NER-008,2015-06-17 00:00:00+00:00,day,landslide,downpour,small,0,0,NASA_GLC_LANDSLIDE,False,88.443,27.0087,38.45,"National Highway 31A, Darjeeling Hills",NASA GLC Real Event ID 6964 in West Bengal,verified_nasa_glc,NASA_GLC_LANDSLIDE
REAL-NER-001,2014-06-28 09:00:00+00:00,day,landslide,rain,medium,0,0,NASA_GLC_LANDSLIDE,False,91.7652,26.1964,2.82,"Kharghuli Hills, Assam",NASA GLC Real Event ID 6112 in Assam,verified_nasa_glc,NASA_GLC_LANDSLIDE
REAL-NER-008,2015-07-01 00:00:00+00:00,day,landslide,downpour,medium,0,0,NASA_GLC_LANDSLIDE,False,88.456,27.0678,31.95,8 mile in Kalimpong,NASA GLC Real Event ID 7039 in West Bengal,verified_nasa_glc,NASA_GLC_LANDSLIDE
REAL-NER-003,2015-08-01 00:00:00+00:00,day,landslide,continuous_rain,medium,0,0,NASA_GLC_LANDSLIDE,False,94.1913,24.4265,53.03,between Tengnoupal-Sita junction and Tengnoupal Power Sub-Station,NASA GLC Real Event ID 7390 in Manipur,verified_nasa_glc,NASA_GLC_LANDSLIDE
REAL-NER-001,2014-10-05 17:45:00+00:00,day,landslide,rain,medium,1,0,NASA_GLC_LANDSLIDE,False,91.8587,25.9702,25.23,Jorabat-Umiam route,NASA GLC Real Event ID 6214 in Meghalaya,verified_nasa_glc,NASA_GLC_LANDSLIDE
REAL-NER-008,2011-08-25 00:00:00+00:00,day,landslide,downpour,medium,2,0,NASA_GLC_LANDSLIDE,False,88.633,27.7344,45.64,"Hee-Khola, Sikkim",NASA GLC Real Event ID 3944 in nan,verified_nasa_glc,NASA_GLC_LANDSLIDE
REAL-NER-008,2012-06-14 04:00:00+00:00,day,landslide,downpour,medium,0,0,NASA_GLC_LANDSLIDE,False,88.6065,27.339,1.68,"Tathangchen, Gangtok, Sikkim ",NASA GLC Real Event ID 4411 in Sikkim,verified_nasa_glc,NASA_GLC_LANDSLIDE
REAL-NER-008,2015-06-29 00:00:00+00:00,day,landslide,downpour,medium,0,0,NASA_GLC_LANDSLIDE,False,88.2478,27.0161,48.93,NH-55 at Merry Villa,NASA GLC Real Event ID 7033 in West Bengal,verified_nasa_glc,NASA_GLC_LANDSLIDE
REAL-NER-004,2015-08-01 00:00:00+00:00,day,landslide,continuous_rain,medium,0,0,NASA_GLC_LANDSLIDE,False,94.4481,25.1941,58.87,Ukhrul NH 201-Jessami road,NASA GLC Real Event ID 7375 in Manipur,verified_nasa_glc,NASA_GLC_LANDSLIDE
REAL-NER-008,2015-06-13 06:30:00+00:00,day,landslide,downpour,medium,0,0,NASA_GLC_LANDSLIDE,False,88.2476,27.0165,48.91,"Darjeeling Heritage Railway, Darjeeling",NASA GLC Real Event ID 6967 in West Bengal,verified_nasa_glc,NASA_GLC_LANDSLIDE
REAL-NER-004,2011-08-18 00:00:00+00:00,day,landslide,monsoon,medium,0,0,NASA_GLC_LANDSLIDE,False,94.13,25.83,20.12, Botsa  and Chiechama,NASA GLC Real Event ID 3932 in Nāgāland,verified_nasa_glc,NASA_GLC_LANDSLIDE
REAL-NER-003,2013-05-12 00:00:00+00:00,day,mudslide,rain,medium,0,0,NASA_GLC_LANDSLIDE,False,93.4946,24.9926,48.58,"Khongsang, Tamenglong, Manipur,",NASA GLC Real Event ID 4861 in Assam,verified_nasa_glc,NASA_GLC_LANDSLIDE
REAL-NER-005,2015-08-28 01:45:00+00:00,day,landslide,downpour,large,0,0,NASA_GLC_LANDSLIDE,False,92.8112,23.4495,31.87,"Mizoram, India",NASA GLC Real Event ID 7972 in Mizoram,verified_nasa_glc,NASA_GLC_LANDSLIDE
REAL-NER-003,2011-07-22 00:00:00+00:00,day,landslide,downpour,medium,0,0,NASA_GLC_LANDSLIDE,False,93.948,24.7992,5.65,Heibok Hills,NASA GLC Real Event ID 3831 in Manipur,verified_nasa_glc,NASA_GLC_LANDSLIDE
REAL-NER-001,2013-10-06 00:00:00+00:00,day,landslide,downpour,medium,0,0,NASA_GLC_LANDSLIDE,False,91.7049,26.1665,4.6,"Nilachal Hill, Guwahati, Assam",NASA GLC Real Event ID 5584 in Assam,verified_nasa_glc,NASA_GLC_LANDSLIDE
REAL-NER-003,2015-08-01 00:00:00+00:00,day,landslide,continuous_rain,small,0,0,NASA_GLC_LANDSLIDE,False,94.2156,24.954,29.18,Imphal-Ukhrul road,NASA GLC Real Event ID 7387 in Manipur,verified_nasa_glc,NASA_GLC_LANDSLIDE
REAL-NER-004,2014-09-08 00:00:00+00:00,day,mudslide,unknown,medium,0,0,NASA_GLC_LANDSLIDE,False,94.6279,25.9466,58.11,Kiphire-Seyochung road near Yangzitong village,NASA GLC Real Event ID 6331 in Nagaland,verified_nasa_glc,NASA_GLC_LANDSLIDE
REAL-NER-008,2013-09-08 00:00:00+00:00,day,rock_fall,rain,medium,1,2,NASA_GLC_LANDSLIDE,False,88.6463,27.6047,31.43,"Chungthang, Sikkim",NASA GLC Real Event ID 5485 in nan,verified_nasa_glc,NASA_GLC_LANDSLIDE
REAL-NER-003,2015-08-01 00:00:00+00:00,day,landslide,unknown,medium,0,0,NASA_GLC_LANDSLIDE,False,94.1146,24.3481,58.24,Chandel,NASA GLC Real Event ID 7910 in Manipur,verified_nasa_glc,NASA_GLC_LANDSLIDE
REAL-NER-001,2015-02-14 00:00:00+00:00,day,landslide,mining,small,1,2,NASA_GLC_LANDSLIDE,False,91.6469,26.1468,10.76,Kailashpur hill,NASA GLC Real Event ID 6775 in Assam,verified_nasa_glc,NASA_GLC_LANDSLIDE
REAL-NER-008,2016-10-12 00:00:00+00:00,day,landslide,continuous_rain,medium,0,0,NASA_GLC_LANDSLIDE,False,88.2891,27.2676,31.38,Legship,NASA GLC Real Event ID 9604 in Sikkim,verified_nasa_glc,NASA_GLC_LANDSLIDE
REAL-NER-005,2015-08-27 00:00:00+00:00,day,landslide,downpour,medium,0,0,NASA_GLC_LANDSLIDE,False,92.7265,23.7269,0.26,three graveyards within Aizawl,NASA GLC Real Event ID 7837 in Mizoram,verified_nasa_glc,NASA_GLC_LANDSLIDE
REAL-NER-004,2015-07-22 00:00:00+00:00,day,landslide,continuous_rain,small,0,0,NASA_GLC_LANDSLIDE,False,94.0926,25.3908,29.39,NH-2 between Senapati and Mao,NASA GLC Real Event ID 7267 in Manipur,verified_nasa_glc,NASA_GLC_LANDSLIDE
REAL-NER-007,2013-05-08 00:00:00+00:00,day,landslide,rain,medium,1,0,NASA_GLC_LANDSLIDE,False,91.4663,24.0896,44.31,"Purba Simna, Tripura",NASA GLC Real Event ID 4848 in Tripura,verified_nasa_glc,NASA_GLC_LANDSLIDE
REAL-NER-001,2016-07-20 00:00:00+00:00,day,landslide,rain,medium,0,0,NASA_GLC_LANDSLIDE,False,91.802,26.1966,5.72,"Noonmati, Guwahati, Assam, India",NASA GLC Real Event ID 9122 in Assam,verified_nasa_glc,NASA_GLC_LANDSLIDE
REAL-NER-001,2014-09-22 00:00:00+00:00,day,landslide,rain,small,1,0,NASA_GLC_LANDSLIDE,False,91.7747,26.1097,7.67,Lalmati,NASA GLC Real Event ID 6282 in Assam,verified_nasa_glc,NASA_GLC_LANDSLIDE
REAL-NER-001,2014-09-22 00:00:00+00:00,day,landslide,rain,small,0,0,NASA_GLC_LANDSLIDE,False,91.6849,26.1001,10.56,Pamohi,NASA GLC Real Event ID 6289 in Assam,verified_nasa_glc,NASA_GLC_LANDSLIDE
