event_id,event_time,latitude,longitude,zone_id,source,verification_status
EV-PROSPECTIVE-2026-01,2026-06-13T08:25:24.026968+00:00,26.15,91.75,REAL-NER-001,BRO_INCIDENT_LOG,verified_field
EV-PROSPECTIVE-2026-02,2026-06-20T02:25:24.026968+00:00,25.4,91.8,REAL-NER-002,DISTRICT_DISASTER_MANAGEMENT_AUTHORITY,verified_field
EV-PROSPECTIVE-2026-03,2026-06-27T15:25:24.026968+00:00,24.85,93.95,REAL-NER-003,GSI_BHUKOSH,verified_field
EV-PROSPECTIVE-2026-04,2026-07-02T00:25:24.026968+00:00,25.65,94.15,REAL-NER-004,BRO_INCIDENT_LOG,verified_field
EV-PROSPECTIVE-2026-05,2026-07-06T04:25:24.026968+00:00,27.3,88.6,REAL-NER-008,GSI_BHUKOSH,verified_field
EV-PROSPECTIVE-2026-06,2026-07-12T10:55:24.026968+00:00,27.42,92.25,REAL-NER-006,BRO_INCIDENT_LOG,verified_field
EV-PROSPECTIVE-2026-07,2026-07-16T22:40:24.026968+00:00,25.92,91.88,REAL-NER-001,STATE_DISASTER_MANAGEMENT_AUTHORITY,verified_field
EV-PROSPECTIVE-2026-08,2026-07-21T05:25:24.026968+00:00,25.8,94.12,REAL-NER-004,GSI_BHUKOSH,verified_field
EV-PROSPECTIVE-2026-09,2026-07-26T13:10:24.026968+00:00,24.35,92.75,REAL-NER-005,BRO_INCIDENT_LOG,verified_field
EV-PROSPECTIVE-2026-10,2026-07-30T01:45:24.026968+00:00,27.25,94.85,REAL-NER-007,STATE_DISASTER_MANAGEMENT_AUTHORITY,verified_field
EV-PROSPECTIVE-2026-11,2026-08-04T17:35:24.026968+00:00,27.15,88.5,REAL-NER-008,GSI_BHUKOSH,verified_field
EV-PROSPECTIVE-2026-12,2026-08-09T08:05:24.026968+00:00,25.32,91.68,REAL-NER-002,BRO_INCIDENT_LOG,verified_field
EV-PROSPECTIVE-2026-13,2026-08-15T03:25:24.026968+00:00,24.5,94.1,REAL-NER-003,STATE_DISASTER_MANAGEMENT_AUTHORITY,verified_field
EV-PROSPECTIVE-2026-14,2026-08-18T20:55:24.026968+00:00,26.05,91.82,REAL-NER-001,BRO_INCIDENT_LOG,verified_field
EV-PROSPECTIVE-2026-15,2026-08-23T10:15:24.026968+00:00,25.72,94.08,REAL-NER-004,GSI_BHUKOSH,verified_field
EV-PROSPECTIVE-2026-16,2026-08-28T02:40:24.026968+00:00,27.35,92.4,REAL-NER-006,BRO_INCIDENT_LOG,verified_field
EV-PROSPECTIVE-2026-17,2026-08-30T14:25:24.026968+00:00,27.5,95.1,REAL-NER-007,STATE_DISASTER_MANAGEMENT_AUTHORITY,verified_field
EV-PROSPECTIVE-2026-18,2026-09-01T23:55:24.026968+00:00,27.4,88.65,REAL-NER-008,GSI_BHUKOSH,verified_field
EV-PROSPECTIVE-2026-19,2026-09-04T11:25:24.026968+00:00,24.15,92.8,REAL-NER-005,BRO_INCIDENT_LOG,verified_field
