date,total_predictions,watch_alerts,warning_alerts,critical_alerts,verified_events,false_alarms_day,shadow_mode,model_version
2026-06-07,16,2,1,0,0,0.125,1,v2.5-TRIGGER-AWARE-CHAMPION
2026-06-08,48,6,2,1,0,0.25,1,v2.5-TRIGGER-AWARE-CHAMPION
2026-06-09,48,5,0,0,0,0.0,1,v2.5-TRIGGER-AWARE-CHAMPION
2026-06-10,48,6,0,0,0,0.0,1,v2.5-TRIGGER-AWARE-CHAMPION
2026-06-11,48,6,1,0,0,0.125,1,v2.5-TRIGGER-AWARE-CHAMPION
2026-06-12,48,12,7,7,0,0.875,1,v2.5-TRIGGER-AWARE-CHAMPION
2026-06-13,48,6,5,4,1,0.0,1,v2.5-TRIGGER-AWARE-CHAMPION
2026-06-14,48,7,1,0,0,0.125,1,v2.5-TRIGGER-AWARE-CHAMPION
2026-06-15,48,10,2,1,0,0.25,1,v2.5-TRIGGER-AWARE-CHAMPION
2026-06-16,48,10,5,5,0,0.625,1,v2.5-TRIGGER-AWARE-CHAMPION
2026-06-17,48,11,2,2,0,0.25,1,v2.5-TRIGGER-AWARE-CHAMPION
2026-06-18,48,4,3,3,0,0.375,1,v2.5-TRIGGER-AWARE-CHAMPION
2026-06-19,48,8,7,7,0,0.875,1,v2.5-TRIGGER-AWARE-CHAMPION
2026-06-20,48,6,1,1,1,0.0,1,v2.5-TRIGGER-AWARE-CHAMPION
2026-06-21,48,3,1,0,0,0.125,1,v2.5-TRIGGER-AWARE-CHAMPION
2026-06-22,48,6,3,2,0,0.375,1,v2.5-TRIGGER-AWARE-CHAMPION
2026-06-23,48,5,3,2,0,0.375,1,v2.5-TRIGGER-AWARE-CHAMPION
2026-06-24,48,2,0,0,0,0.0,1,v2.5-TRIGGER-AWARE-CHAMPION
2026-06-25,48,6,2,2,0,0.25,1,v2.5-TRIGGER-AWARE-CHAMPION
2026-06-26,48,7,3,3,0,0.375,1,v2.5-TRIGGER-AWARE-CHAMPION
2026-06-27,48,10,5,5,1,0.0,1,v2.5-TRIGGER-AWARE-CHAMPION
2026-06-28,48,5,2,2,0,0.25,1,v2.5-TRIGGER-AWARE-CHAMPION
2026-06-29,48,3,1,0,0,0.125,1,v2.5-TRIGGER-AWARE-CHAMPION
2026-06-30,48,4,3,2,0,0.375,1,v2.5-TRIGGER-AWARE-CHAMPION
2026-07-01,48,13,8,8,0,1.0,1,v2.5-TRIGGER-AWARE-CHAMPION
2026-07-02,48,9,5,4,1,0.0,1,v2.5-TRIGGER-AWARE-CHAMPION
2026-07-03,48,6,2,2,0,0.25,1,v2.5-TRIGGER-AWARE-CHAMPION
2026-07-04,48,7,2,2,0,0.25,1,v2.5-TRIGGER-AWARE-CHAMPION
2026-07-05,48,7,6,6,0,0.75,1,v2.5-TRIGGER-AWARE-CHAMPION
2026-07-06,48,7,2,2,1,0.0,1,v2.5-TRIGGER-AWARE-CHAMPION
2026-07-07,48,7,2,1,0,0.25,1,v2.5-TRIGGER-AWARE-CHAMPION
2026-07-08,48,7,3,3,0,0.375,1,v2.5-TRIGGER-AWARE-CHAMPION
2026-07-09,48,5,0,0,0,0.0,1,v2.5-TRIGGER-AWARE-CHAMPION
2026-07-10,48,8,1,1,0,0.125,1,v2.5-TRIGGER-AWARE-CHAMPION
2026-07-11,48,9,5,4,0,0.625,1,v2.5-TRIGGER-AWARE-CHAMPION
2026-07-12,48,9,5,5,1,0.0,1,v2.5-TRIGGER-AWARE-CHAMPION
2026-07-13,48,4,1,0,0,0.125,1,v2.5-TRIGGER-AWARE-CHAMPION
2026-07-14,48,3,1,1,0,0.125,1,v2.5-TRIGGER-AWARE-CHAMPION
2026-07-15,48,4,1,1,0,0.125,1,v2.5-TRIGGER-AWARE-CHAMPION
2026-07-16,48,10,6,6,1,0.0,1,v2.5-TRIGGER-AWARE-CHAMPION
2026-07-17,48,4,0,0,0,0.0,1,v2.5-TRIGGER-AWARE-CHAMPION
2026-07-18,48,2,1,1,0,0.125,1,v2.5-TRIGGER-AWARE-CHAMPION
2026-07-19,48,7,2,2,0,0.25,1,v2.5-TRIGGER-AWARE-CHAMPION
2026-07-20,48,12,7,7,0,0.875,1,v2.5-TRIGGER-AWARE-CHAMPION
2026-07-21,48,8,2,2,1,0.0,1,v2.5-TRIGGER-AWARE-CHAMPION
2026-07-22,48,11,6,6,0,0.75,1,v2.5-TRIGGER-AWARE-CHAMPION
2026-07-23,48,9,1,1,0,0.125,1,v2.5-TRIGGER-AWARE-CHAMPION
2026-07-24,48,10,2,1,0,0.25,1,v2.5-TRIGGER-AWARE-CHAMPION
2026-07-25,48,7,2,1,0,0.25,1,v2.5-TRIGGER-AWARE-CHAMPION
2026-07-26,48,10,2,2,1,0.0,1,v2.5-TRIGGER-AWARE-CHAMPION
2026-07-27,48,8,5,4,0,0.625,1,v2.5-TRIGGER-AWARE-CHAMPION
2026-07-28,48,4,0,0,0,0.0,1,v2.5-TRIGGER-AWARE-CHAMPION
2026-07-29,48,12,8,8,0,1.0,1,v2.5-TRIGGER-AWARE-CHAMPION
2026-07-30,48,10,6,4,1,0.0,1,v2.5-TRIGGER-AWARE-CHAMPION
2026-07-31,48,7,2,2,0,0.25,1,v2.5-TRIGGER-AWARE-CHAMPION
2026-08-01,48,8,3,2,0,0.375,1,v2.5-TRIGGER-AWARE-CHAMPION
2026-08-02,48,5,2,2,0,0.25,1,v2.5-TRIGGER-AWARE-CHAMPION
2026-08-03,48,9,3,3,0,0.375,1,v2.5-TRIGGER-AWARE-CHAMPION
2026-08-04,48,11,7,6,1,0.0,1,v2.5-TRIGGER-AWARE-CHAMPION
2026-08-05,48,7,0,0,0,0.0,1,v2.5-TRIGGER-AWARE-CHAMPION
2026-08-06,48,6,2,1,0,0.25,1,v2.5-TRIGGER-AWARE-CHAMPION
2026-08-07,48,9,2,2,0,0.25,1,v2.5-TRIGGER-AWARE-CHAMPION
2026-08-08,48,11,6,6,0,0.75,1,v2.5-TRIGGER-AWARE-CHAMPION
2026-08-09,48,5,3,3,1,0.0,1,v2.5-TRIGGER-AWARE-CHAMPION
2026-08-10,48,9,2,1,0,0.25,1,v2.5-TRIGGER-AWARE-CHAMPION
2026-08-11,48,5,2,2,0,0.25,1,v2.5-TRIGGER-AWARE-CHAMPION
2026-08-12,48,6,1,1,0,0.125,1,v2.5-TRIGGER-AWARE-CHAMPION
2026-08-13,48,6,2,0,0,0.25,1,v2.5-TRIGGER-AWARE-CHAMPION
2026-08-14,48,6,0,0,0,0.0,1,v2.5-TRIGGER-AWARE-CHAMPION
2026-08-15,48,4,1,0,1,0.0,1,v2.5-TRIGGER-AWARE-CHAMPION
2026-08-16,48,4,1,1,0,0.125,1,v2.5-TRIGGER-AWARE-CHAMPION
2026-08-17,48,5,2,2,0,0.25,1,v2.5-TRIGGER-AWARE-CHAMPION
2026-08-18,48,6,6,6,1,0.0,1,v2.5-TRIGGER-AWARE-CHAMPION
2026-08-19,48,7,1,0,0,0.125,1,v2.5-TRIGGER-AWARE-CHAMPION
2026-08-20,48,3,3,2,0,0.375,1,v2.5-TRIGGER-AWARE-CHAMPION
2026-08-21,48,7,0,0,0,0.0,1,v2.5-TRIGGER-AWARE-CHAMPION
2026-08-22,48,11,5,5,0,0.625,1,v2.5-TRIGGER-AWARE-CHAMPION
2026-08-23,48,12,5,5,1,0.0,1,v2.5-TRIGGER-AWARE-CHAMPION
2026-08-24,48,3,1,0,0,0.125,1,v2.5-TRIGGER-AWARE-CHAMPION
2026-08-25,48,10,1,0,0,0.125,1,v2.5-TRIGGER-AWARE-CHAMPION
2026-08-26,48,6,2,2,0,0.25,1,v2.5-TRIGGER-AWARE-CHAMPION
2026-08-27,48,13,3,3,0,0.375,1,v2.5-TRIGGER-AWARE-CHAMPION
2026-08-28,48,9,0,0,1,0.0,1,v2.5-TRIGGER-AWARE-CHAMPION
2026-08-29,48,9,4,3,0,0.5,1,v2.5-TRIGGER-AWARE-CHAMPION
2026-08-30,48,8,4,3,1,0.0,1,v2.5-TRIGGER-AWARE-CHAMPION
2026-08-31,48,8,3,3,0,0.375,1,v2.5-TRIGGER-AWARE-CHAMPION
2026-09-01,48,11,8,8,1,0.0,1,v2.5-TRIGGER-AWARE-CHAMPION
2026-09-02,48,5,3,3,0,0.375,1,v2.5-TRIGGER-AWARE-CHAMPION
2026-09-03,48,3,0,0,0,0.0,1,v2.5-TRIGGER-AWARE-CHAMPION
2026-09-04,48,3,1,0,1,0.0,1,v2.5-TRIGGER-AWARE-CHAMPION
2026-09-05,32,3,1,0,0,0.125,1,v2.5-TRIGGER-AWARE-CHAMPION
